wrestling,,,1904 St. Louis,1,Isidor Niflot,United States,
wrestling,,,1904 St. Louis,2,August Wester,United States,
wrestling,,,1904 St. Louis,3,Louis Strebler,United States,
wrestling,,,1908 London,1,George Mehnert,United States,
wrestling,,,1908 London,2,William J. Press,Great Britain,
wrestling,,,1908 London,3,Aubert Cote,Canada,
wrestling,,,1924 Paris,1,Kustaa Pihlajamäki,Finland,
wrestling,,,1924 Paris,2,Kaarlo Mäkinen,Finland,
wrestling,,,1924 Paris,3,Bryan Hines,United States,
wrestling,,,1928 Amsterdam,1,Kaarlo Mäkinen,Finland,
wrestling,,,1928 Amsterdam,2,Edmond Spapen,Belgium,
wrestling,,,1928 Amsterdam,3,James Trifunov,Canada,
wrestling,,,1932 Los Angeles,1,Robert Pearce,United States,
wrestling,,,1932 Los Angeles,2,Ödön Zombori,Hungary,
wrestling,,,1932 Los Angeles,3,Aatos Jaskari,Finland,
wrestling,,,1936 Berlin,1,Ödön Zombori,Hungary,
wrestling,,,1936 Berlin,2,Ross Flood,United States,
wrestling,,,1936 Berlin,3,Johannes Herbert,Germany,
wrestling,,,1948 London,1,Nasuh Akar,Turkey,
wrestling,,,1948 London,2,Gerald Leeman,United States,
wrestling,,,1948 London,3,Charles Kouyos,France,
wrestling,,,1952 Helsinki,1,Shohachi Ishii,Japan,
wrestling,,,1952 Helsinki,2,Rashid Mamedbekov,Soviet Union,
wrestling,,,1952 Helsinki,3,Khashaba Dadasaheb Jadhav,India,
wrestling,,,1956 Melbourne,1,Mustafa Dağıstanlı,Turkey,
wrestling,,,1956 Melbourne,2,Mehdi Yaghoubi,Iran,
wrestling,,,1956 Melbourne,3,Mikhail Shakhov,Soviet Union,
wrestling,,,1960 Rome,1,Terrence McCann,United States,
wrestling,,,1960 Rome,2,Nezhdet Zalev,Bulgaria,
wrestling,,,1960 Rome,3,Tadeusz Trojanowski,Poland,
wrestling,,,1964 Tokyo,1,Yojiro Uetake,Japan,
wrestling,,,1964 Tokyo,2,Hüseyin Akbaş,Turkey,
wrestling,,,1964 Tokyo,3,Aydin Ibragimov,Soviet Union,
wrestling,,,1968 Mexico City,1,Yojiro Uetake,Japan,
wrestling,,,1968 Mexico City,2,Donald Behm,United States,
wrestling,,,1968 Mexico City,3,Aboutaleb Talebi,Iran,
wrestling,,,1972 Munich,1,Hideaki Yanagida,Japan,
wrestling,,,1972 Munich,2,Richard Sanders,United States,
wrestling,,,1972 Munich,3,László Klinga,Hungary,
wrestling,,,1976 Montreal,1,Vladimir Yumin,Soviet Union,
wrestling,,,1976 Montreal,2,Hans-Dieter Brüchert,East Germany,
wrestling,,,1976 Montreal,3,Masao Arai,Japan,
wrestling,,,1980 Moscow,1,Sergei Beloglazov,Soviet Union,
wrestling,,,1980 Moscow,2,Li Ho-Pyong,North Korea,
wrestling,,,1980 Moscow,3,Dugarsürengiin Oyuunbold,Mongolia,
wrestling,,,1984 Los Angeles,1,Hideaki Tomiyama,Japan,
wrestling,,,1984 Los Angeles,2,Barry Davis,United States,
wrestling,,,1984 Los Angeles,3,Kim Eui-Kon,South Korea,
wrestling,,,1988 Seoul,1,Sergei Beloglazov,Soviet Union,
wrestling,,,1988 Seoul,2,Askari Mohammadian,Iran,
wrestling,,,1988 Seoul,3,Noh Kyung-Sun,South Korea,
wrestling,,,1992 Barcelona,1,Alejandro Puerto,Cuba,
wrestling,,,1992 Barcelona,2,Sergei Smal,Unified Team,
wrestling,,,1992 Barcelona,3,Kim Yong-Sik,North Korea,
wrestling,,,1996 Atlanta,1,Kendall Cross,United States,
wrestling,,,1996 Atlanta,2,Guivi Sissaouri,Canada,
wrestling,,,1996 Atlanta,3,Ri Yong-Sam,North Korea,
wrestling,,,2000 Sydney,1,Alireza Dabir,Iran,
wrestling,,,2000 Sydney,2,Yevgen Buslovych,Ukraine,
wrestling,,,2000 Sydney,3,Terry Brands,United States,
wrestling,,,2004 Athens,1,Mavlet Batirov,Russia,
wrestling,,,2004 Athens,2,Stephen Abas,United States,
wrestling,,,2004 Athens,3,Chikara Tanabe,Japan,
wrestling,,,2008 Beijing,1,Henry Cejudo,United States,
wrestling,,,2008 Beijing,2,Tomohiro Matsunaga,Japan,
wrestling,,,2008 Beijing,3,Besik Kudukhov,Russia,
wrestling,,,2008 Beijing,3,Radoslav Velikov,Bulgaria,
wrestling,,,2012 London,1,Djamal Otarsultanov,Russia,
wrestling,,,2012 London,2,Vladimer Khinchegashvili,Georgia,
wrestling,,,2012 London,3,Yang Kyong-Il,North Korea,
wrestling,,,2012 London,3,Shinichi Yumoto,Japan,
wrestling,,,1904 St. Louis,1,Otto Roehm,United States,
wrestling,,,1904 St. Louis,2,Rudolph Tesing,United States,
wrestling,,,1904 St. Louis,3,Albert Zirkel,United States,
wrestling,,,1908 London,1,George de Relwyskow,Great Britain,
wrestling,,,1908 London,2,William Wood,Great Britain,
wrestling,,,1908 London,3,Albert Gingell,Great Britain,
wrestling,,,1920 Antwerp,1,Kalle Anttila,Finland,
wrestling,,,1920 Antwerp,2,Gottfrid Svensson,Sweden,
wrestling,,,1920 Antwerp,3,Peter Wright,Great Britain,
wrestling,,,1924 Paris,1,Russell Vis,United States,
wrestling,,,1924 Paris,2,Volmar Wikström,Finland,
wrestling,,,1924 Paris,3,Arvo Haavisto,Finland,
wrestling,,,1928 Amsterdam,1,Osvald Käpp,Estonia,
wrestling,,,1928 Amsterdam,2,Charles Pacôme,France,
wrestling,,,1928 Amsterdam,3,Eino Augusti Leino,Finland,
wrestling,,,1932 Los Angeles,1,Charles Pacôme,France,
wrestling,,,1932 Los Angeles,2,Károly Kárpáti,Hungary,
wrestling,,,1932 Los Angeles,3,Gustaf Klarén,Sweden,
wrestling,,,1936 Berlin,1,Károly Kárpáti,Hungary,
wrestling,,,1936 Berlin,2,Wolfgang Ehrl,Germany,
wrestling,,,1936 Berlin,3,Hermanni Pihlajamäki,Finland,
wrestling,,,1948 London,1,Celal Atik,Turkey,
wrestling,,,1948 London,2,Gösta Frändfors,Sweden,
wrestling,,,1948 London,3,Hermann Baumann,Switzerland,
wrestling,,,1952 Helsinki,1,Olle Anderberg,Sweden,
wrestling,,,1952 Helsinki,2,Jay Thomas Evans,United States,
wrestling,,,1952 Helsinki,3,Jahanbakht Towfigh,Iran,
wrestling,,,1956 Melbourne,1,Imam-Ali Habibi,Iran,
wrestling,,,1956 Melbourne,2,Shigeru Kasahara,Japan,
wrestling,,,1956 Melbourne,3,Alimbeg Bestayev,Soviet Union,
wrestling,,,1960 Rome,1,Shelby Wilson,United States,
wrestling,,,1960 Rome,2,Vladimir Synyavsky,Soviet Union,
wrestling,,,1960 Rome,3,Enyu Valchev,Bulgaria,
wrestling,,,1964 Tokyo,1,Enyu Valchev,Bulgaria,
wrestling,,,1964 Tokyo,2,Klaus Rost,Germany,
wrestling,,,1964 Tokyo,3,Iwao Horiuchi,Japan,
wrestling,,,1968 Mexico City,1,Abdollah Movahed,Iran,
wrestling,,,1968 Mexico City,2,Enyu Valchev,Bulgaria,
wrestling,,,1968 Mexico City,3,Danzandarjaagiin Sereeter,Mongolia,
wrestling,,,1972 Munich,1,Dan Gable,United States,
wrestling,,,1972 Munich,2,Kikuo Wada,Japan,
wrestling,,,1972 Munich,3,Ruslan Ashuraliyev,Soviet Union,
wrestling,,,1976 Montreal,1,Pavel Pinigin,Soviet Union,
wrestling,,,1976 Montreal,2,Lloyd Keaser,United States,
wrestling,,,1976 Montreal,3,Yasaburo Sugawara,Japan,
wrestling,,,1980 Moscow,1,Saypulla Absaidov,Soviet Union,
wrestling,,,1980 Moscow,2,Ivan Yankov,Bulgaria,
wrestling,,,1980 Moscow,3,Šaban Sejdi,Yugoslavia,
wrestling,,,1984 Los Angeles,1,You In-Tak,South Korea,
wrestling,,,1984 Los Angeles,2,Andrew Rein,United States,
wrestling,,,1984 Los Angeles,3,Jukka Rauhala,Finland,
wrestling,,,1988 Seoul,1,Arsen Fadzayev,Soviet Union,
wrestling,,,1988 Seoul,2,Park Jang-Soon,South Korea,
wrestling,,,1988 Seoul,3,Nate Carr,United States,
wrestling,,,1992 Barcelona,1,Arsen Fadzayev,Unified Team,
wrestling,,,1992 Barcelona,2,Valentin Getsov,Bulgaria,
wrestling,,,1992 Barcelona,3,Kosei Akaishi,Japan,
wrestling,,,1996 Atlanta,1,Vadim Bogiyev,Russia,
wrestling,,,1996 Atlanta,2,Townsend Saunders,United States,
wrestling,,,1996 Atlanta,3,Zaza Zazirov,Ukraine,
wrestling,,,2000 Sydney,1,Daniel Igali,Canada,
wrestling,,,2000 Sydney,2,Arsen Gitinov,Russia,
wrestling,,,2000 Sydney,3,Lincoln McIlravy,United States,
wrestling,,,2004 Athens,1,Elbrus Tedeyev,Ukraine,
wrestling,,,2004 Athens,2,Jamill Kelly,United States,
wrestling,,,2004 Athens,3,Makhach Murtazaliev,Russia,
wrestling,,,2008 Beijing,1,Ramazan Şahin,Turkey,
wrestling,,,2008 Beijing,2,Andriy Stadnik,Ukraine,
wrestling,,,2008 Beijing,3,Sushil Kumar,India,
wrestling,,,2008 Beijing,3,Otar Tushishvili,Georgia,
wrestling,,,2012 London,1,Tatsuhiro Yonemitsu,Japan,
wrestling,,,2012 London,2,Sushil Kumar,India,
wrestling,,,2012 London,3,Akzhurek Tanatarov,Kazakhstan,
wrestling,,,2012 London,3,Liván López,Cuba,
wrestling,,,1904 St. Louis,1,Charles Ericksen,United States,
wrestling,,,1904 St. Louis,2,William Beckmann,United States,
wrestling,,,1904 St. Louis,3,Jerry Winholtz,United States,
wrestling,,,1924 Paris,1,Hermann Gehri,Switzerland,
wrestling,,,1924 Paris,2,Eino Leino,Finland,
wrestling,,,1924 Paris,3,Otto Müller,Switzerland,
wrestling,,,1928 Amsterdam,1,Arvo Haavisto,Finland,
wrestling,,,1928 Amsterdam,2,Lloyd Appleton,United States,
wrestling,,,1928 Amsterdam,3,Maurice Letchford,Canada,
wrestling,,,1932 Los Angeles,1,Jack van Bebber,United States,
wrestling,,,1932 Los Angeles,2,Daniel MacDonald,Canada,
wrestling,,,1932 Los Angeles,3,Eino Leino,Finland,
wrestling,,,1936 Berlin,1,Frank Lewis,United States,
wrestling,,,1936 Berlin,2,Thure Andersson,Sweden,
wrestling,,,1936 Berlin,3,Joseph Schleimer,Canada,
wrestling,,,1948 London,1,Yaşar Doğu,Turkey,
wrestling,,,1948 London,2,Richard Garrard,Australia,
wrestling,,,1948 London,3,Leland Merrill,United States,
wrestling,,,1952 Helsinki,1,William Smith,United States,
wrestling,,,1952 Helsinki,2,Per Berlin,Sweden,
wrestling,,,1952 Helsinki,3,Abdollah Mojtabavi,Iran,
wrestling,,,1956 Melbourne,1,Mitsuo Ikeda,Japan,
wrestling,,,1956 Melbourne,2,İbrahim Zengin,Turkey,
wrestling,,,1956 Melbourne,3,Vakhtang Balavadze,Soviet Union,
wrestling,,,1960 Rome,1,Douglas Blubaugh,United States,
wrestling,,,1960 Rome,2,İsmail Ogan,Turkey,
wrestling,,,1960 Rome,3,Muhammed Bashir,Pakistan,
wrestling,,,1964 Tokyo,1,İsmail Ogan,Turkey,
wrestling,,,1964 Tokyo,2,Guliko Sagaradze,Soviet Union,
wrestling,,,1964 Tokyo,3,Mohammad Ali Sanatkaran,Iran,
wrestling,,,1968 Mexico City,1,Mahmut Atalay,Turkey,
wrestling,,,1968 Mexico City,2,Daniel Robin,France,
wrestling,,,1968 Mexico City,3,Tömöriin Artag,Mongolia,
wrestling,,,1972 Munich,1,Wayne Wells,United States,
wrestling,,,1972 Munich,2,Jan Karlsson,Sweden,
wrestling,,,1972 Munich,3,Adolf Seger,West Germany,
wrestling,,,1976 Montreal,1,Jiichiro Date,Japan,
wrestling,,,1976 Montreal,2,Mansour Barzegar,Iran,
wrestling,,,1976 Montreal,3,Stanley Dziedzic,United States,
wrestling,,,1980 Moscow,1,Valentin Raychev,Bulgaria,
wrestling,,,1980 Moscow,2,Jamtsyn Davaajav,Mongolia,
wrestling,,,1980 Moscow,3,Dan Karabin,Czechoslovakia,
wrestling,,,1984 Los Angeles,1,David Schultz,United States,
wrestling,,,1984 Los Angeles,2,Martin Knosp,West Germany,
wrestling,,,1984 Los Angeles,3,Šaban Sejdi,Yugoslavia,
wrestling,,,1988 Seoul,1,Kenny Monday,United States,
wrestling,,,1988 Seoul,2,Adlan Varayev,Soviet Union,
wrestling,,,1988 Seoul,3,Rahmat Sukra,Bulgaria,
wrestling,,,1992 Barcelona,1,Park Jang-Soon,South Korea,
wrestling,,,1992 Barcelona,2,Kenny Monday,United States,
wrestling,,,1992 Barcelona,3,Amir Reza Khadem,Iran,
wrestling,,,1996 Atlanta,1,Buvaisar Saitiev,Russia,
wrestling,,,1996 Atlanta,2,Park Jang-Soon,South Korea,
wrestling,,,1996 Atlanta,3,Takuya Ota,Japan,
wrestling,,,2000 Sydney,1,Brandon Slay,United States,
wrestling,,,2000 Sydney,2,Moon Eui-Jae,South Korea,
wrestling,,,2000 Sydney,3,Adem Bereket,Turkey,
wrestling,,,2004 Athens,1,Buvaisar Saitiev,Russia,
wrestling,,,2004 Athens,2,Gennadiy Laliyev,Kazakhstan,
wrestling,,,2004 Athens,3,Iván Fundora,Cuba,
wrestling,,,2008 Beijing,1,Buvaisar Saitiev,Russia,
wrestling,,,2008 Beijing,2,Soslan Tigiev,Uzbekistan,
wrestling,,,2008 Beijing,3,Murad Gaidarov,Belarus,
wrestling,,,2008 Beijing,3,Kiril Terziev,Bulgaria,
wrestling,,,2012 London,1,Jordan Burroughs,United States,
wrestling,,,2012 London,2,Sadegh Goudarzi,Iran,
wrestling,,,2012 London,3,Gábor Hatos,Hungary,
wrestling,,,2012 London,3,Denis Tsargush,Russia,
wrestling,,,1908 London,1,Stanley Bacon,Great Britain,
wrestling,,,1908 London,2,George de Relwyskow,Great Britain,
wrestling,,,1908 London,3,Frederick Beck,Great Britain,
wrestling,,,1920 Antwerp,1,Eino Leino,Finland,
wrestling,,,1920 Antwerp,2,Väinö Penttala,Finland,
wrestling,,,1920 Antwerp,3,Charles Johnson,United States,
wrestling,,,1924 Paris,1,Fritz Hagmann,Switzerland,
wrestling,,,1924 Paris,2,Pierre Ollivier,Belgium,
wrestling,,,1924 Paris,3,Vilho Pekkala,Finland,
wrestling,,,1928 Amsterdam,1,Ernst Kyburz,Switzerland,
wrestling,,,1928 Amsterdam,2,Donald Stockton,Canada,
wrestling,,,1928 Amsterdam,3,Samuel Rabin,Great Britain,
wrestling,,,1932 Los Angeles,1,Ivar Johansson,Sweden,
wrestling,,,1932 Los Angeles,2,Kyösti Luukko,Finland,
wrestling,,,1932 Los Angeles,3,József Tunyogi,Hungary,
wrestling,,,1936 Berlin,1,Emile Poilvé,France,
wrestling,,,1936 Berlin,2,Richard Voliva,United States,
wrestling,,,1936 Berlin,3,Ahmet Kireççi,Turkey,
wrestling,,,1948 London,1,Glen Brand,United States,
wrestling,,,1948 London,2,Adil Candemir,Turkey,
wrestling,,,1948 London,3,Erik Lindén,Sweden,
wrestling,,,1952 Helsinki,1,David Tsimakuridze,Soviet Union,
wrestling,,,1952 Helsinki,2,Gholamreza Takhti,Iran,
wrestling,,,1952 Helsinki,3,György Gurics,Hungary,
wrestling,,,1956 Melbourne,1,Nikola Stanchev,Bulgaria,
wrestling,,,1956 Melbourne,2,Daniel Hodge,United States,
wrestling,,,1956 Melbourne,3,Georgi Skhirtladze,Soviet Union,
wrestling,,,1960 Rome,1,Hasan Güngör,Turkey,
wrestling,,,1960 Rome,2,Georgy Skhirtladze,Soviet Union,
wrestling,,,1960 Rome,3,Hans Antonsson,Sweden,
wrestling,,,1964 Tokyo,1,Prodan Gardzhev,Bulgaria,
wrestling,,,1964 Tokyo,2,Hasan Güngör,Turkey,
wrestling,,,1964 Tokyo,3,Daniel Brand,United States,
wrestling,,,1968 Mexico City,1,Boris Gurevich,Soviet Union,
wrestling,,,1968 Mexico City,2,Jigjidiin Mönkhbat,Mongolia,
wrestling,,,1968 Mexico City,3,Prodan Gardzhev,Bulgaria,
wrestling,,,1972 Munich,1,Levan Tediashvili,Soviet Union,
wrestling,,,1972 Munich,2,John Peterson,United States,
wrestling,,,1972 Munich,3,Vasile Iorga,Romania,
wrestling,,,1976 Montreal,1,John Peterson,United States,
wrestling,,,1976 Montreal,2,Viktor Novozhilov,Soviet Union,
wrestling,,,1976 Montreal,3,Adolf Seger,West Germany,
wrestling,,,1980 Moscow,1,Ismail Abilov,Bulgaria,
wrestling,,,1980 Moscow,2,Magomedkhan Aratsilov,Soviet Union,
wrestling,,,1980 Moscow,3,István Kovács,Hungary,
wrestling,,,1984 Los Angeles,1,Mark Schultz,United States,
wrestling,,,1984 Los Angeles,2,Hideyuki Nagashima,Japan,
wrestling,,,1984 Los Angeles,3,Christopher Rinke,Canada,
wrestling,,,1988 Seoul,1,Han Myung-Woo,South Korea,
wrestling,,,1988 Seoul,2,Necmi Gençalp,Turkey,
wrestling,,,1988 Seoul,3,Jozef Lohyňa,Czechoslovakia,
wrestling,,,1992 Barcelona,1,Kevin Jackson,United States,
wrestling,,,1992 Barcelona,2,Elmadi Jabrailov,Unified Team,
wrestling,,,1992 Barcelona,3,Rasoul Khadem,Iran,
wrestling,,,1996 Atlanta,1,Khadzhimurad Magomedov,Russia,
wrestling,,,1996 Atlanta,2,Yang Hyun-Mo,South Korea,
wrestling,,,1996 Atlanta,3,Amir Reza Khadem,Iran,
wrestling,,,2000 Sydney,1,Adam Saitiev,Russia,
wrestling,,,2000 Sydney,2,Yoel Romero,Cuba,
wrestling,,,2000 Sydney,3,Magomed Ibragimov,Macedonia,
wrestling,,,2004 Athens,1,Cael Sanderson,United States,
wrestling,,,2004 Athens,2,Moon Eui-Jae,South Korea,
wrestling,,,2004 Athens,3,Sazhid Sazhidov,Russia,
wrestling,,,2008 Beijing,1,Revaz Mindorashvili,Georgia,
wrestling,,,2008 Beijing,2,Yusup Abdusalomov,Tajikistan,
wrestling,,,2008 Beijing,3,Taras Danko,Ukraine,
wrestling,,,2008 Beijing,3,Georgy Ketoyev,Russia,
wrestling,,,2012 London,1,Sharif Sharifov,Azerbaijan,
wrestling,,,2012 London,2,Jaime Espinal,Puerto Rico,
wrestling,,,2012 London,3,Dato Marsagishvili,Georgia,
wrestling,,,2012 London,3,Ehsan Lashgari,Iran,
wrestling,,,1904 St. Louis,1,Bernhoff Hansen,United States,
wrestling,,,1904 St. Louis,2,Frank Kugler,United States,
wrestling,,,1904 St. Louis,3,Fred Warmbold,United States,
wrestling,,,1908 London,1,Con O'Kelly,Great Britain,
wrestling,,,1908 London,2,Jacob Gundersen,Norway,
wrestling,,,1908 London,3,Edward Barrett,Great Britain,
wrestling,,,1920 Antwerp,1,Robert Roth,Switzerland,
wrestling,,,1920 Antwerp,2,Nat Pendleton,United States,
wrestling,,,1920 Antwerp,3,Fred Meyer,United States,
wrestling,,,1920 Antwerp,3,Ernst Nilsson,Sweden,
wrestling,,,1924 Paris,1,Harry Steel,United States,
wrestling,,,1924 Paris,2,Henri Wernli,Switzerland,
wrestling,,,1924 Paris,3,Andrew McDonald,Great Britain,
wrestling,,,1928 Amsterdam,1,Johan Richthoff,Sweden,
wrestling,,,1928 Amsterdam,2,Aukusti Sihvola,Finland,
wrestling,,,1928 Amsterdam,3,Edmond Dame,France,
wrestling,,,1932 Los Angeles,1,Johan Richthoff,Sweden,
wrestling,,,1932 Los Angeles,2,John Riley,United States,
wrestling,,,1932 Los Angeles,3,Nickolaus Hirschl,Austria,
wrestling,,,1936 Berlin,1,Kristjan Palusalu,Estonia,
wrestling,,,1936 Berlin,2,Josef Klapuch,Czechoslovakia,
wrestling,,,1936 Berlin,3,Hjalmar Nyström,Finland,
wrestling,,,1948 London,1,Gyula Bóbis,Hungary,
wrestling,,,1948 London,2,Bertil Antonsson,Sweden,
wrestling,,,1948 London,3,Jim Armstrong,Australia,
wrestling,,,1952 Helsinki,1,Arsen Mekokishvili,Soviet Union,
wrestling,,,1952 Helsinki,2,Bertil Antonsson,Sweden,
wrestling,,,1952 Helsinki,3,Kenneth Richmond,Great Britain,
wrestling,,,1956 Melbourne,1,Hamit Kaplan,Turkey,
wrestling,,,1956 Melbourne,2,Hussein Mehmedov,Bulgaria,
wrestling,,,1956 Melbourne,3,Taisto Kangasniemi,Finland,
wrestling,,,1960 Rome,1,Wilfried Dietrich,Germany,
wrestling,,,1960 Rome,2,Hamit Kaplan,Turkey,
wrestling,,,1960 Rome,3,Savkuds Dzarasov,Soviet Union,
wrestling,,,1964 Tokyo,1,Aleksandr Ivanitsky,Soviet Union,
wrestling,,,1964 Tokyo,2,Lyutvi Ahmedov,Bulgaria,
wrestling,,,1964 Tokyo,3,Hamit Kaplan,Turkey,
wrestling,,,1968 Mexico City,1,Aleksandr Medved,Soviet Union,
wrestling,,,1968 Mexico City,2,Osman Duraliev,Bulgaria,
wrestling,,,1968 Mexico City,3,Wilfried Dietrich,West Germany,
wrestling,,,1972 Munich,1,Ivan Yarygin,Soviet Union,
wrestling,,,1972 Munich,2,Khorloogiin Bayanmönkh,Mongolia,
wrestling,,,1972 Munich,3,József Csatári,Hungary,
wrestling,,,1976 Montreal,1,Ivan Yarygin,Soviet Union,
wrestling,,,1976 Montreal,2,Russell Hellickson,United States,
wrestling,,,1976 Montreal,3,Dimo Kostov,Bulgaria,
wrestling,,,1980 Moscow,1,Illya Mate,Soviet Union,
wrestling,,,1980 Moscow,2,Slavcho Chervenkov,Bulgaria,
wrestling,,,1980 Moscow,3,Július Strnisko,Czechoslovakia,
wrestling,,,1984 Los Angeles,1,Lou Banach,United States,
wrestling,,,1984 Los Angeles,2,Joseph Atiyeh,Syria,
wrestling,,,1984 Los Angeles,3,Vasile Puşcaşu,Romania,
wrestling,,,1988 Seoul,1,Vasile Puşcaşu,Romania,
wrestling,,,1988 Seoul,2,Leri Khabelov,Soviet Union,
wrestling,,,1988 Seoul,3,William Scherr,United States,
wrestling,,,1992 Barcelona,1,Leri Khabelov,Unified Team,
wrestling,,,1992 Barcelona,2,Heiko Balz,Germany,
wrestling,,,1992 Barcelona,3,Ali Kayalı,Turkey,
wrestling,,,1996 Atlanta,1,Kurt Angle,United States,
wrestling,,,1996 Atlanta,2,Abbas Jadidi,Iran,
wrestling,,,1996 Atlanta,3,Arawat Sabejew,Germany,
wrestling,,,2000 Sydney,1,Sagid Murtazaliev,Russia,
wrestling,,,2000 Sydney,2,Islam Bairamukov,Kazakhstan,
wrestling,,,2000 Sydney,3,Eldar Kurtanidze,Georgia,
wrestling,,,2004 Athens,1,Khadjimourat Gatsalov,Russia,
wrestling,,,2004 Athens,2,Magomed Ibragimov,Uzbekistan,
wrestling,,,2004 Athens,3,Alireza Heidari,Iran,
wrestling,,,2008 Beijing,1,Shirvani Muradov,Russia,
wrestling,,,2008 Beijing,2,Taimuraz Tigiyev,Kazakhstan,
wrestling,,,2008 Beijing,3,Giorgi Gogshelidze,Georgia,
wrestling,,,2008 Beijing,3,Khetag Gazyumov,Azerbaijan,
wrestling,,,2012 London,1,Jake Varner,United States,
wrestling,,,2012 London,2,Valerii Andriitsev,Ukraine,
wrestling,,,2012 London,3,Giorgi Gogshelidze,Georgia,
wrestling,,,2012 London,3,Khetag Gazyumov,Azerbaijan,
wrestling,,,1972 Munich,1,Aleksandr Medved,Soviet Union,
wrestling,,,1972 Munich,2,Osman Duraliev,Bulgaria,
wrestling,,,1972 Munich,3,Chris Taylor,United States,
wrestling,,,1976 Montreal,1,Soslan Andiyev,Soviet Union,
wrestling,,,1976 Montreal,2,József Balla,Hungary,
wrestling,,,1976 Montreal,3,Ladislau Şimon,Romania,
wrestling,,,1980 Moscow,1,Soslan Andiyev,Soviet Union,
wrestling,,,1980 Moscow,2,József Balla,Hungary,
wrestling,,,1980 Moscow,3,Adam Sandurski,Poland,
wrestling,,,1984 Los Angeles,1,Bruce Baumgartner,United States,
wrestling,,,1984 Los Angeles,2,Robert Molle,Canada,
wrestling,,,1984 Los Angeles,3,Ayhan Taşkın,Turkey,
wrestling,,,1988 Seoul,1,David Gobejishvili,Soviet Union,
wrestling,,,1988 Seoul,2,Bruce Baumgartner,United States,
wrestling,,,1988 Seoul,3,Andreas Schröder,East Germany,
wrestling,,,1992 Barcelona,1,Bruce Baumgartner,United States,
wrestling,,,1992 Barcelona,2,Jeffrey Thue,Canada,
wrestling,,,1992 Barcelona,3,David Gobejishvili,Unified Team,
wrestling,,,1996 Atlanta,1,Mahmut Demir,Turkey,
wrestling,,,1996 Atlanta,2,Aleksey Medvedev,Belarus,
wrestling,,,1996 Atlanta,3,Bruce Baumgartner,United States,
wrestling,,,2000 Sydney,1,David Musuľbes,Russia,
wrestling,,,2000 Sydney,2,Artur Taymazov,Uzbekistan,
wrestling,,,2000 Sydney,3,Alexis Rodríguez,Cuba,
wrestling,,,2004 Athens,1,Artur Taymazov,Uzbekistan,
wrestling,,,2004 Athens,2,Alireza Rezaei,Iran,
wrestling,,,2004 Athens,3,Aydın Polatçı,Turkey,
wrestling,,,2008 Beijing,1,Artur Taymazov,Uzbekistan,
wrestling,,,2008 Beijing,2,Bakhtiyar Akhmedov,Russia,
wrestling,,,2008 Beijing,3,David Musuľbes,Slovakia,
wrestling,,,2008 Beijing,3,Marid Mutalimov,Kazakhstan,
wrestling,,,2012 London,1,Artur Taymazov,Uzbekistan,
wrestling,,,2012 London,2,Davit Modzmanashvili,Georgia,
wrestling,,,2012 London,3,Komeil Ghasemi,Iran,
wrestling,,,2012 London,3,Bilyal Makhov,Russia,
wrestling,,,2004 Athens,1,Irina Merleni,Ukraine,
wrestling,,,2004 Athens,2,Chiharu Icho,Japan,
wrestling,,,2004 Athens,3,Patricia Miranda,United States,
wrestling,,,2008 Beijing,1,Carol Huynh,Canada,
wrestling,,,2008 Beijing,2,Chiharu Icho,Japan,
wrestling,,,2008 Beijing,3,Mariya Stadnik,Azerbaijan,
wrestling,,,2008 Beijing,3,Irina Merleni,Ukraine,
wrestling,,,2012 London,1,Hitomi Obara,Japan,
wrestling,,,2012 London,2,Mariya Stadnik,Azerbaijan,
wrestling,,,2012 London,3,Clarissa Chun,United States,
wrestling,,,2012 London,3,Carol Huynh,Canada,
wrestling,,,2004 Athens,1,Kaori Icho,Japan,
wrestling,,,2004 Athens,2,Sara McMann,United States,
wrestling,,,2004 Athens,3,Lise Legrand,France,
wrestling,,,2008 Beijing,1,Kaori Icho,Japan,
wrestling,,,2008 Beijing,2,Alena Kartashova,Russia,
wrestling,,,2008 Beijing,3,Randi Miller,United States,
wrestling,,,2008 Beijing,3,Yelena Shalygina,Kazakhstan,
wrestling,,,2012 London,1,Kaori Icho,Japan,
wrestling,,,2012 London,2,Jing Ruixue,China,
wrestling,,,2012 London,3,Lubov Volosova,Russia,
wrestling,,,2012 London,3,Soronzonboldyn Battsetseg,Mongolia,
wrestling,,,2004 Athens,1,Wang Xu,China,
wrestling,,,2004 Athens,2,Guzel Manyurova,Russia,
wrestling,,,2004 Athens,3,Kyoko Hamaguchi,Japan,
wrestling,,,2008 Beijing,1,Wang Jiao,China,
wrestling,,,2008 Beijing,2,Stanka Zlateva,Bulgaria,
wrestling,,,2008 Beijing,3,Kyoko Hamaguchi,Japan,
wrestling,,,2008 Beijing,3,Agnieszka Wieszczek,Poland,
wrestling,,,2012 London,1,Natalia Vorobieva,Russia,
wrestling,,,2012 London,2,Stanka Zlateva,Bulgaria,
wrestling,,,2012 London,3,Guzel Manyurova,Kazakhstan,
wrestling,,,2012 London,3,Maider Unda,Spain,
wrestling,,,1904 St. Louis,1,Robert Curry,United States,
wrestling,,,1904 St. Louis,2,John Hein,United States,
wrestling,,,1904 St. Louis,3,Gustav Thiefenthaler,United States,
wrestling,,,1972 Munich,1,Roman Dmitriyev,Soviet Union,
wrestling,,,1972 Munich,2,Ognyan Nikolov,Bulgaria,
wrestling,,,1972 Munich,3,Ebrahim Javadi,Iran,
wrestling,,,1976 Montreal,1,Hasan Isaev,Bulgaria,
wrestling,,,1976 Montreal,2,Roman Dmitriyev,Soviet Union,
wrestling,,,1976 Montreal,3,Akira Kudo,Japan,
wrestling,,,1980 Moscow,1,Claudio Pollio,Italy,
wrestling,,,1980 Moscow,2,Jang Se-Hong,North Korea,
wrestling,,,1980 Moscow,3,Sergei Kornilayev,Soviet Union,
wrestling,,,1984 Los Angeles,1,Bobby Weaver,United States,
wrestling,,,1984 Los Angeles,2,Takashi Irie,Japan,
wrestling,,,1984 Los Angeles,3,Son Gab-Do,South Korea,
wrestling,,,1988 Seoul,1,Takashi Kobayashi,Japan,
wrestling,,,1988 Seoul,2,Ivan Tzonov,Bulgaria,
wrestling,,,1988 Seoul,3,Sergei Karamchakov,Soviet Union,
wrestling,,,1992 Barcelona,1,Kim Il,North Korea,
wrestling,,,1992 Barcelona,2,Kim Jong-Shin,South Korea,
wrestling,,,1992 Barcelona,3,Vougar Oroudjov,Unified Team,
wrestling,,,1996 Atlanta,1,Kim Il,North Korea,
wrestling,,,1996 Atlanta,2,Armen Mkrtchyan,Armenia,
wrestling,,,1996 Atlanta,3,Alexis Vila,Cuba,
wrestling,,,1904 St. Louis,1,George Mehnert,United States,
wrestling,,,1904 St. Louis,2,Gustave Bauer,United States,
wrestling,,,1904 St. Louis,3,William Nelson,United States,
wrestling,,,1948 London,1,Lennart Viitala,Finland,
wrestling,,,1948 London,2,Halit Balamir,Turkey,
wrestling,,,1948 London,3,Thure Johansson,Sweden,
wrestling,,,1952 Helsinki,1,Hasan Gemici,Turkey,
wrestling,,,1952 Helsinki,2,Yushu Kitano,Japan,
wrestling,,,1952 Helsinki,3,Mahmoud Mollaghasemi,Iran,
wrestling,,,1956 Melbourne,1,Mirian Tsalkalamanidze,Soviet Union,
wrestling,,,1956 Melbourne,2,Mohammad Ali Khojastehpour,Iran,
wrestling,,,1956 Melbourne,3,Hüseyin Akbaş,Turkey,
wrestling,,,1960 Rome,1,Ahmet Bilek,Turkey,
wrestling,,,1960 Rome,2,Masayuki Matsubara,Japan,
wrestling,,,1960 Rome,3,Ebrahim Seifpour,Iran,
wrestling,,,1964 Tokyo,1,Yoshikatsu Yoshida,Japan,
wrestling,,,1964 Tokyo,2,Chang Chang-Sun,South Korea,
wrestling,,,1964 Tokyo,3,Ali Akbar Heidari,Iran,
wrestling,,,1968 Mexico City,1,Shigeo Nakata,Japan,
wrestling,,,1968 Mexico City,2,Richard Sanders,United States,
wrestling,,,1968 Mexico City,3,Chimedbazaryn Damdinsharav,Mongolia,
wrestling,,,1972 Munich,1,Kiyomi Kato,Japan,
wrestling,,,1972 Munich,2,Arsen Alakhverdiyev,Soviet Union,
wrestling,,,1972 Munich,3,Kim Gwong-Hyong,North Korea,
wrestling,,,1976 Montreal,1,Yuji Takada,Japan,
wrestling,,,1976 Montreal,2,Alexander Ivanov,Soviet Union,
wrestling,,,1976 Montreal,3,Jeon Hae-Sup,South Korea,
wrestling,,,1980 Moscow,1,Anatoli Beloglazov,Soviet Union,
wrestling,,,1980 Moscow,2,Władysław Stecyk,Poland,
wrestling,,,1980 Moscow,3,Nermedin Selimov,Bulgaria,
wrestling,,,1984 Los Angeles,1,Shaban Trstena,Yugoslavia,
wrestling,,,1984 Los Angeles,2,Kim Jong-kyu,South Korea,
wrestling,,,1984 Los Angeles,3,Yuji Takada,Japan,
wrestling,,,1988 Seoul,1,Mitsuru Sato,Japan,
wrestling,,,1988 Seoul,2,Shaban Trstena,Yugoslavia,
wrestling,,,1988 Seoul,3,Vladimir Toguzov,Soviet Union,
wrestling,,,1992 Barcelona,1,Li Hak-Son,North Korea,
wrestling,,,1992 Barcelona,2,Zeke Jones,United States,
wrestling,,,1992 Barcelona,3,Valentin Yordanov,Bulgaria,
wrestling,,,1996 Atlanta,1,Valentin Yordanov,Bulgaria,
wrestling,,,1996 Atlanta,2,Namig Abdullayev,Azerbaijan,
wrestling,,,1996 Atlanta,3,Maulen Mamyrov,Kazakhstan,
wrestling,,,2000 Sydney,1,Namig Abdullayev,Azerbaijan,
wrestling,,,2000 Sydney,2,Sammie Henson,United States,
wrestling,,,2000 Sydney,3,Amiran Kardanov,Greece,
wrestling,,,1904 St. Louis,1,Benjamin Bradshaw,United States,
wrestling,,,1904 St. Louis,2,Theodore McLear,United States,
wrestling,,,1904 St. Louis,3,Charles Clapper,United States,
wrestling,,,1908 London,1,George Dole,United States,
wrestling,,,1908 London,2,James Slim,Great Britain,
wrestling,,,1908 London,3,William McKie,Great Britain,
wrestling,,,1920 Antwerp,1,Charles Ackerly,United States,
wrestling,,,1920 Antwerp,2,Samuel Gerson,United States,
wrestling,,,1920 Antwerp,3,Philip Bernard,Great Britain,
wrestling,,,1924 Paris,1,Robin Reed,United States,
wrestling,,,1924 Paris,2,Chester Newton,United States,
wrestling,,,1924 Paris,3,Katsutoshi Naito,Japan,
wrestling,,,1928 Amsterdam,1,Allie Morrison,United States,
wrestling,,,1928 Amsterdam,2,Kustaa Pihlajamäki,Finland,
wrestling,,,1928 Amsterdam,3,Hans Minder,Switzerland,
wrestling,,,1932 Los Angeles,1,Hermanni Pihlajamäki,Finland,
wrestling,,,1932 Los Angeles,2,Edgar Nemir,United States,
wrestling,,,1932 Los Angeles,3,Einar Karlsson,Sweden,
wrestling,,,1936 Berlin,1,Kustaa Pihlajamäki,Finland,
wrestling,,,1936 Berlin,2,Francis Millard,United States,
wrestling,,,1936 Berlin,3,Gösta Frändfors,Sweden,
wrestling,,,1948 London,1,Gazanfer Bilge,Turkey,
wrestling,,,1948 London,2,Ivar Sjölin,Sweden,
wrestling,,,1948 London,3,Adolf Müller,Switzerland,
wrestling,,,1952 Helsinki,1,Bayram Şit,Turkey,
wrestling,,,1952 Helsinki,2,Nasser Givehchi,Iran,
wrestling,,,1952 Helsinki,3,Josiah Henson,United States,
wrestling,,,1956 Melbourne,1,Shozo Sasahara,Japan,
wrestling,,,1956 Melbourne,2,Joseph Mewis,Belgium,
wrestling,,,1956 Melbourne,3,Erkki Penttilä,Finland,
wrestling,,,1960 Rome,1,Mustafa Dağıstanlı,Turkey,
wrestling,,,1960 Rome,2,Stancho Kolev,Bulgaria,
wrestling,,,1960 Rome,3,Vladimir Rubashvili,Soviet Union,
wrestling,,,1964 Tokyo,1,Osamu Watanabe,Japan,
wrestling,,,1964 Tokyo,2,Stancho Kolev,Bulgaria,
wrestling,,,1964 Tokyo,3,Nodar Khokhashvili,Soviet Union,
wrestling,,,1968 Mexico City,1,Masaaki Kaneko,Japan,
wrestling,,,1968 Mexico City,2,Enyu Todorov,Bulgaria,
wrestling,,,1968 Mexico City,3,Shamseddin Seyed-Abbasi,Iran,
wrestling,,,1972 Munich,1,Zagalav Abdulbekov,Soviet Union,
wrestling,,,1972 Munich,2,Vehbi Akdağ,Turkey,
wrestling,,,1972 Munich,3,Ivan Krastev,Bulgaria,
wrestling,,,1976 Montreal,1,Yang Jung-Mo,South Korea,
wrestling,,,1976 Montreal,2,Zevegiin Oidov,Mongolia,
wrestling,,,1976 Montreal,3,Gene Davis,United States,
wrestling,,,1980 Moscow,1,Magomedgasan Abushev,Soviet Union,
wrestling,,,1980 Moscow,2,Miho Dukov,Bulgaria,
wrestling,,,1980 Moscow,3,Georgios Hatziioannidis,Greece,
wrestling,,,1984 Los Angeles,1,Randall Lewis,United States,
wrestling,,,1984 Los Angeles,2,Kosei Akaishi,Japan,
wrestling,,,1984 Los Angeles,3,Lee Jung-Keun,South Korea,
wrestling,,,1988 Seoul,1,John Smith,United States,
wrestling,,,1988 Seoul,2,Stepan Sarkisyan,Soviet Union,
wrestling,,,1988 Seoul,3,Simeon Shterev,Bulgaria,
wrestling,,,1992 Barcelona,1,John Smith,United States,
wrestling,,,1992 Barcelona,2,Askari Mohammadian,Iran,
wrestling,,,1992 Barcelona,3,Lázaro Reinoso,Cuba,
wrestling,,,1996 Atlanta,1,Tom Brands,United States,
wrestling,,,1996 Atlanta,2,Jang Jae-Sung,South Korea,
wrestling,,,1996 Atlanta,3,Elbrus Tedeyev,Ukraine,
wrestling,,,2000 Sydney,1,Murad Umakhanov,Russia,
wrestling,,,2000 Sydney,2,Serafim Barzakov,Bulgaria,
wrestling,,,2000 Sydney,3,Jang Jae-Sung,South Korea,
wrestling,,,2004 Athens,1,Yandro Quintana,Cuba,
wrestling,,,2004 Athens,2,Masoud Mostafa-Jokar,Iran,
wrestling,,,2004 Athens,3,Kenji Inoue,Japan,
wrestling,,,2008 Beijing,1,Mavlet Batirov,Russia,
wrestling,,,2008 Beijing,2,Vasyl Fedoryshyn,Ukraine,
wrestling,,,2008 Beijing,3,Morad Mohammadi,Iran,
wrestling,,,2008 Beijing,3,Kenichi Yumoto,Japan,
wrestling,,,2012 London,1,Toghrul Asgarov,Azerbaijan,
wrestling,,,2012 London,2,Besik Kudukhov,Russia,
wrestling,,,2012 London,3,Coleman Scott,United States,
wrestling,,,2012 London,3,Yogeshwar Dutt,India,
wrestling,,,1920 Antwerp,1,Anders Larsson,Sweden,
wrestling,,,1920 Antwerp,2,Charles Courant,Switzerland,
wrestling,,,1920 Antwerp,3,Walter Maurer,United States,
wrestling,,,1924 Paris,1,John Spellman,United States,
wrestling,,,1924 Paris,2,Rudolf Svensson,Sweden,
wrestling,,,1924 Paris,3,Charles Courant,Switzerland,
wrestling,,,1928 Amsterdam,1,Thure Sjöstedt,Sweden,
wrestling,,,1928 Amsterdam,2,Arnold Bögli,Switzerland,
wrestling,,,1928 Amsterdam,3,Henri Lefèbre,France,
wrestling,,,1932 Los Angeles,1,Peter Mehringer,United States,
wrestling,,,1932 Los Angeles,2,Thure Sjöstedt,Sweden,
wrestling,,,1932 Los Angeles,3,Eddie Scarf,Australia,
wrestling,,,1936 Berlin,1,Knut Fridell,Sweden,
wrestling,,,1936 Berlin,2,August Neo,Estonia,
wrestling,,,1936 Berlin,3,Erich Siebert,Germany,
wrestling,,,1948 London,1,Henry Wittenberg,United States,
wrestling,,,1948 London,2,Fritz Stöckli,Switzerland,
wrestling,,,1948 London,3,Bengt Fahlqvist,Sweden,
wrestling,,,1952 Helsinki,1,Viking Palm,Sweden,
wrestling,,,1952 Helsinki,2,Henry Wittenberg,United States,
wrestling,,,1952 Helsinki,3,Adil Atan,Turkey,
wrestling,,,1956 Melbourne,1,Gholamreza Takhti,Iran,
wrestling,,,1956 Melbourne,2,Boris Kulayev,Soviet Union,
wrestling,,,1956 Melbourne,3,Peter Blair,United States,
wrestling,,,1960 Rome,1,İsmet Atlı,Turkey,
wrestling,,,1960 Rome,2,Gholamreza Takhti,Iran,
wrestling,,,1960 Rome,3,Anatoly Albul,Soviet Union,
wrestling,,,1964 Tokyo,1,Aleksandr Medved,Soviet Union,
wrestling,,,1964 Tokyo,2,Ahmet Ayık,Turkey,
wrestling,,,1964 Tokyo,3,Said Mustafov,Bulgaria,
wrestling,,,1968 Mexico City,1,Ahmet Ayık,Turkey,
wrestling,,,1968 Mexico City,2,Shota Lomidze,Soviet Union,
wrestling,,,1968 Mexico City,3,József Csatári,Hungary,
wrestling,,,1972 Munich,1,Ben Peterson,United States,
wrestling,,,1972 Munich,2,Gennadi Strakhov,Soviet Union,
wrestling,,,1972 Munich,3,Károly Bajkó,Hungary,
wrestling,,,1976 Montreal,1,Levan Tediashvili,Soviet Union,
wrestling,,,1976 Montreal,2,Ben Peterson,United States,
wrestling,,,1976 Montreal,3,Stelică Morcov,Romania,
wrestling,,,1980 Moscow,1,Sanasar Oganisyan,Soviet Union,
wrestling,,,1980 Moscow,2,Uwe Neupert,East Germany,
wrestling,,,1980 Moscow,3,Aleksander Cichoń,Poland,
wrestling,,,1984 Los Angeles,1,Ed Banach,United States,
wrestling,,,1984 Los Angeles,2,Akira Ota,Japan,
wrestling,,,1984 Los Angeles,3,Noel Loban,Great Britain,
wrestling,,,1988 Seoul,1,Makharbek Khadartsev,Soviet Union,
wrestling,,,1988 Seoul,2,Akira Ota,Japan,
wrestling,,,1988 Seoul,3,Kim Tae-woo,South Korea,
wrestling,,,1992 Barcelona,1,Makharbek Khadartsev,Unified Team,
wrestling,,,1992 Barcelona,2,Kenan Şimşek,Turkey,
wrestling,,,1992 Barcelona,3,Christopher Campbell,United States,
wrestling,,,1996 Atlanta,1,Rasoul Khadem,Iran,
wrestling,,,1996 Atlanta,2,Makharbek Khadartsev,Russia,
wrestling,,,1996 Atlanta,3,Eldar Kurtanidze,Georgia,
wrestling,,,2004 Athens,1,Saori Yoshida,Japan,
wrestling,,,2004 Athens,2,Tonya Verbeek,Canada,
wrestling,,,2004 Athens,3,Anna Gomis,France,
wrestling,,,2008 Beijing,1,Saori Yoshida,Japan,
wrestling,,,2008 Beijing,2,Xu Li,China,
wrestling,,,2008 Beijing,3,Jackeline Rentería,Colombia,
wrestling,,,2008 Beijing,3,Tonya Verbeek,Canada,
wrestling,,,2012 London,1,Saori Yoshida,Japan,
wrestling,,,2012 London,2,Tonya Verbeek,Canada,
wrestling,,,2012 London,3,Jackeline Rentería,Colombia,
wrestling,,,2012 London,3,Yuliya Ratkevich,Azerbaijan,
