Judo, 1964, Australia, 1
Judo, 1964, Canada, 2
Judo, 1964, Germany, 3
Judo, 1964, Japan, 11
Judo, 1964, Netherlands, 3
Judo, 1964, South Korea, 1
Judo, 1964, Soviet Union, 4
Judo, 1964, Switzerland, 2
Judo, 1964, United States, 1
Judo, 1972, Brazil, 1
Judo, 1972, East Germany, 1
Judo, 1972, France, 4
Judo, 1972, Great Britain, 3
Judo, 1972, Japan, 10
Judo, 1972, Netherlands, 6
Judo, 1972, North Korea, 1
Judo, 1972, Poland, 2
Judo, 1972, South Korea, 2
Judo, 1972, Soviet Union, 7
Judo, 1972, West Germany, 3
Judo, 1976, Cuba, 3
Judo, 1976, France, 1
Judo, 1976, Great Britain, 3
Judo, 1976, Hungary, 1
Judo, 1976, Italy, 1
Judo, 1976, Japan, 12
Judo, 1976, Poland, 1
Judo, 1976, South Korea, 4
Judo, 1976, Soviet Union, 11
Judo, 1976, Switzerland, 1
Judo, 1976, United States, 1
Judo, 1976, West Germany, 2
Judo, 1976, Yugoslavia, 1
Judo, 1980, Belgium, 3
Judo, 1980, Bulgaria, 3
Judo, 1980, Cuba, 6
Judo, 1980, Czechoslovakia, 1
Judo, 1980, East Germany, 7
Judo, 1980, France, 9
Judo, 1980, Great Britain, 3
Judo, 1980, Hungary, 2
Judo, 1980, Italy, 3
Judo, 1980, Mongolia, 3
Judo, 1980, Netherlands, 1
Judo, 1980, Poland, 1
Judo, 1980, Soviet Union, 10
Judo, 1980, Switzerland, 3
Judo, 1980, Yugoslavia, 1
Judo, 1984, Austria, 4
Judo, 1984, Brazil, 4
Judo, 1984, Canada, 1
Judo, 1984, Egypt, 2
Judo, 1984, France, 4
Judo, 1984, Germany, 1
Judo, 1984, Great Britain, 4
Judo, 1984, Iceland, 1
Judo, 1984, Italy, 2
Judo, 1984, Japan, 13
Judo, 1984, Romania, 2
Judo, 1984, South Korea, 11
Judo, 1984, United States, 3
Judo, 1984, West Germany, 4
Judo, 1988, Austria, 3
Judo, 1988, Belgium, 1
Judo, 1988, Brazil, 3
Judo, 1988, East Germany, 5
Judo, 1988, France, 4
Judo, 1988, Great Britain, 1
Judo, 1988, Japan, 6
Judo, 1988, Netherlands, 1
Judo, 1988, Poland, 5
Judo, 1988, South Korea, 7
Judo, 1988, Soviet Union, 6
Judo, 1988, United States, 3
Judo, 1988, West Germany, 4
Judo, 1992, Belgium, 1
Judo, 1992, Brazil, 3
Judo, 1992, Canada, 1
Judo, 1992, China, 5
Judo, 1992, Cuba, 8
Judo, 1992, France, 12
Judo, 1992, Germany, 2
Judo, 1992, Great Britain, 6
Judo, 1992, Hungary, 8
Judo, 1992, Israel, 3
Judo, 1992, Italy, 2
Judo, 1992, Japan, 18
Judo, 1992, Netherlands, 2
Judo, 1992, Poland, 3
Judo, 1992, South Korea, 7
Judo, 1992, Spain, 6
Judo, 1992, Turkey, 1
Judo, 1992, Unified Team, 8
Judo, 1992, United States, 2
Judo, 1996, Belgium, 7
Judo, 1996, Brazil, 2
Judo, 1996, China, 4
Judo, 1996, Cuba, 9
Judo, 1996, France, 12
Judo, 1996, Georgia, 1
Judo, 1996, Germany, 7
Judo, 1996, Italy, 3
Judo, 1996, Japan, 18
Judo, 1996, Mongolia, 1
Judo, 1996, Netherlands, 3
Judo, 1996, North Korea, 3
Judo, 1996, Poland, 5
Judo, 1996, South Korea, 16
Judo, 1996, Spain, 4
Judo, 1996, United States, 1
Judo, 1996, Uzbekistan, 2
Judo, 2000, Australia, 1
Judo, 2000, Belarus, 1
Judo, 2000, Belgium, 2
Judo, 2000, Brazil, 4
Judo, 2000, Canada, 2
Judo, 2000, China, 9
Judo, 2000, Cuba, 11
Judo, 2000, Estonia, 2
Judo, 2000, France, 12
Judo, 2000, Georgia, 1
Judo, 2000, Germany, 1
Judo, 2000, Great Britain, 2
Judo, 2000, Italy, 6
Judo, 2000, Japan, 18
Judo, 2000, Kyrgyzstan, 1
Judo, 2000, Latvia, 1
Judo, 2000, Netherlands, 3
Judo, 2000, North Korea, 1
Judo, 2000, Portugal, 1
Judo, 2000, Romania, 1
Judo, 2000, Russia, 4
Judo, 2000, South Korea, 7
Judo, 2000, Spain, 3
Judo, 2000, Turkey, 3
Judo, 2000, Ukraine, 1
Judo, 2004, Austria, 2
Judo, 2004, Belarus, 3
Judo, 2004, Belgium, 1
Judo, 2004, Brazil, 2
Judo, 2004, Bulgaria, 1
Judo, 2004, China, 8
Judo, 2004, Cuba, 7
Judo, 2004, Estonia, 1
Judo, 2004, France, 2
Judo, 2004, Georgia, 5
Judo, 2004, Germany, 6
Judo, 2004, Greece, 3
Judo, 2004, Israel, 1
Judo, 2004, Italy, 1
Judo, 2004, Japan, 28
Judo, 2004, Mongolia, 1
Judo, 2004, Netherlands, 5
Judo, 2004, North Korea, 2
Judo, 2004, Russia, 7
Judo, 2004, Slovakia, 2
Judo, 2004, Slovenia, 1
Judo, 2004, South Korea, 6
Judo, 2004, Ukraine, 2
Judo, 2004, United States, 1
Judo, 2008, Algeria, 3
Judo, 2008, Argentina, 1
Judo, 2008, Austria, 2
Judo, 2008, Azerbaijan, 4
Judo, 2008, Brazil, 3
Judo, 2008, China, 10
Judo, 2008, Cuba, 9
Judo, 2008, Egypt, 1
Judo, 2008, France, 6
Judo, 2008, Georgia, 3
Judo, 2008, Germany, 3
Judo, 2008, Italy, 3
Judo, 2008, Japan, 16
Judo, 2008, Kazakhstan, 2
Judo, 2008, Mongolia, 3
Judo, 2008, Netherlands, 6
Judo, 2008, North Korea, 4
Judo, 2008, Romania, 3
Judo, 2008, Slovenia, 1
Judo, 2008, South Korea, 8
Judo, 2008, Switzerland, 1
Judo, 2008, Tajikistan, 1
Judo, 2008, Ukraine, 1
Judo, 2008, United States, 1
Judo, 2008, Uzbekistan, 3
Judo, 2012, Belgium, 1
Judo, 2012, Brazil, 6
Judo, 2012, Canada, 1
Judo, 2012, China, 3
Judo, 2012, Colombia, 1
Judo, 2012, Cuba, 7
Judo, 2012, France, 11
Judo, 2012, Georgia, 3
Judo, 2012, Germany, 6
Judo, 2012, Great Britain, 3
Judo, 2012, Greece, 1
Judo, 2012, Hungary, 3
Judo, 2012, Italy, 1
Judo, 2012, Japan, 12
Judo, 2012, Mongolia, 3
Judo, 2012, Netherlands, 2
Judo, 2012, North Korea, 3
Judo, 2012, Romania, 4
Judo, 2012, Russia, 12
Judo, 2012, Slovenia, 3
Judo, 2012, South Korea, 7
Judo, 2012, United States, 4
Judo, 2012, Uzbekistan, 1
archery, 1972, Finland, 1
archery, 1972, Poland, 2
archery, 1972, Soviet Union, 1
archery, 1972, Sweden, 2
archery, 1972, United States, 6
archery, 1976, Italy, 1
archery, 1976, Japan, 2
archery, 1976, Soviet Union, 3
archery, 1976, United States, 6
archery, 1980, Finland, 4
archery, 1980, Italy, 1
archery, 1980, Soviet Union, 7
archery, 1984, China, 2
archery, 1984, Japan, 1
archery, 1984, South Korea, 4
archery, 1984, United States, 5
archery, 1988, South Korea, 8
archery, 1988, Soviet Union, 1
archery, 1988, United States, 3
archery, 1992, France, 3
archery, 1992, Great Britain, 1
archery, 1992, South Korea, 7
archery, 1992, Unified Team, 1
archery, 1996, China, 2
archery, 1996, South Korea, 4
archery, 1996, Sweden, 2
archery, 1996, Ukraine, 1
archery, 1996, United States, 3
archery, 2000, Australia, 3
archery, 2000, Netherlands, 1
archery, 2000, South Korea, 6
archery, 2000, United States, 2
archery, 2004, Australia, 1
archery, 2004, Great Britain, 1
archery, 2004, Italy, 3
archery, 2004, Japan, 2
archery, 2004, South Korea, 5
archery, 2008, China, 3
archery, 2008, Russia, 1
archery, 2008, South Korea, 5
archery, 2008, Ukraine, 3
archery, 2012, China, 1
archery, 2012, Japan, 2
archery, 2012, Mexico, 3
archery, 2012, South Korea, 6
athletics, 1896, Australia, 6
athletics, 1896, France, 3
athletics, 1896, Germany, 2
athletics, 1896, Great Britain, 3
athletics, 1896, Greece, 14
athletics, 1896, Hungary, 3
athletics, 1896, United States, 39
athletics, 1900, Australia, 2
athletics, 1900, Bohemia, 2
athletics, 1900, Canada, 1
athletics, 1900, Denmark, 1
athletics, 1900, France, 9
athletics, 1900, Great Britain, 9
athletics, 1900, Hungary, 4
athletics, 1900, India, 2
athletics, 1900, Norway, 1
athletics, 1900, Sweden, 1
athletics, 1900, United States, 58
athletics, 1904, Germany, 1
athletics, 1904, Greece, 1
athletics, 1904, United States, 88
athletics, 1908, Canada, 10
athletics, 1908, France, 2
athletics, 1908, Germany, 1
athletics, 1908, Great Britain, 12
athletics, 1908, Italy, 2
athletics, 1908, Norway, 3
athletics, 1908, South Africa, 5
athletics, 1908, Sweden, 4
athletics, 1908, United States, 52
athletics, 1912, Canada, 5
athletics, 1912, Finland, 8
athletics, 1912, France, 2
athletics, 1912, Germany, 4
athletics, 1912, Great Britain, 5
athletics, 1912, Hungary, 1
athletics, 1912, South Africa, 5
athletics, 1912, Sweden, 13
athletics, 1912, United States, 59
athletics, 1920, Canada, 3
athletics, 1920, Denmark, 2
athletics, 1920, Estonia, 2
athletics, 1920, Finland, 24
athletics, 1920, France, 3
athletics, 1920, Great Britain, 15
athletics, 1920, Italy, 2
athletics, 1920, Norway, 3
athletics, 1920, South Africa, 4
athletics, 1920, Sweden, 13
athletics, 1920, United States, 43
athletics, 1924, Argentina, 2
athletics, 1924, Australia, 3
athletics, 1924, Estonia, 1
athletics, 1924, Finland, 24
athletics, 1924, France, 2
athletics, 1924, Great Britain, 13
athletics, 1924, Italy, 2
athletics, 1924, New Zealand, 1
athletics, 1924, Norway, 1
athletics, 1924, South Africa, 2
athletics, 1924, Sweden, 4
athletics, 1924, Switzerland, 4
athletics, 1924, United States, 55
athletics, 1928, Canada, 17
athletics, 1928, Chile, 2
athletics, 1928, Finland, 24
athletics, 1928, France, 6
athletics, 1928, Germany, 9
athletics, 1928, Great Britain, 10
athletics, 1928, Haiti, 2
athletics, 1928, Hungary, 2
athletics, 1928, Ireland, 3
athletics, 1928, Japan, 5
athletics, 1928, Netherlands, 2
athletics, 1928, Norway, 1
athletics, 1928, Poland, 3
athletics, 1928, South Africa, 3
athletics, 1928, Sweden, 10
athletics, 1928, United States, 45
athletics, 1932, Argentina, 3
athletics, 1932, Canada, 13
athletics, 1932, Czechoslovakia, 1
athletics, 1932, Finland, 18
athletics, 1932, France, 1
athletics, 1932, Germany, 5
athletics, 1932, Great Britain, 14
athletics, 1932, Ireland, 6
athletics, 1932, Italy, 4
athletics, 1932, Japan, 7
athletics, 1932, Latvia, 2
athletics, 1932, Philippines, 1
athletics, 1932, Poland, 4
athletics, 1932, Sweden, 2
athletics, 1932, United States, 69
athletics, 1936, Australia, 1
athletics, 1936, Canada, 4
athletics, 1936, Finland, 15
athletics, 1936, Germany, 26
athletics, 1936, Great Britain, 13
athletics, 1936, Hungary, 3
athletics, 1936, Italy, 4
athletics, 1936, Japan, 13
athletics, 1936, Latvia, 1
athletics, 1936, Netherlands, 2
athletics, 1936, New Zealand, 3
athletics, 1936, Philippines, 1
athletics, 1936, Poland, 5
athletics, 1936, Sweden, 2
athletics, 1936, Switzerland, 2
athletics, 1936, United States, 55
athletics, 1948, Argentina, 5
athletics, 1948, Australia, 10
athletics, 1948, Austria, 4
athletics, 1948, Belgium, 4
athletics, 1948, Canada, 1
athletics, 1948, Ceylon, 2
athletics, 1948, Czechoslovakia, 2
athletics, 1948, Denmark, 1
athletics, 1948, Finland, 7
athletics, 1948, France, 11
athletics, 1948, Great Britain, 9
athletics, 1948, Hungary, 7
athletics, 1948, Italy, 9
athletics, 1948, Jamaica, 7
athletics, 1948, Netherlands, 11
athletics, 1948, Norway, 2
athletics, 1948, Panama, 2
athletics, 1948, Sweden, 19
athletics, 1948, Switzerland, 2
athletics, 1948, Turkey, 1
athletics, 1948, United States, 50
athletics, 1948, Yugoslavia, 2
athletics, 1952, Argentina, 2
athletics, 1952, Australia, 7
athletics, 1952, Brazil, 4
athletics, 1952, Czechoslovakia, 11
athletics, 1952, Finland, 1
athletics, 1952, France, 2
athletics, 1952, Germany, 9
athletics, 1952, Great Britain, 6
athletics, 1952, Hungary, 6
athletics, 1952, Italy, 5
athletics, 1952, Jamaica, 9
athletics, 1952, Luxembourg, 3
athletics, 1952, Netherlands, 2
athletics, 1952, New Zealand, 4
athletics, 1952, South Africa, 5
athletics, 1952, Soviet Union, 23
athletics, 1952, Sweden, 2
athletics, 1952, United States, 66
athletics, 1952, Venezuela, 1
athletics, 1956, Australia, 15
athletics, 1956, Brazil, 3
athletics, 1956, Chile, 2
athletics, 1956, Czechoslovakia, 4
athletics, 1956, Finland, 3
athletics, 1956, France, 3
athletics, 1956, Great Britain, 12
athletics, 1956, Greece, 1
athletics, 1956, Hungary, 2
athletics, 1956, Iceland, 2
athletics, 1956, Ireland, 3
athletics, 1956, New Zealand, 3
athletics, 1956, Norway, 5
athletics, 1956, Poland, 5
athletics, 1956, Soviet Union, 31
athletics, 1956, Sweden, 1
athletics, 1956, United States, 67
athletics, 1956, United Team of Germany, 9
athletics, 1956, Yugoslavia, 2
athletics, 1960, Australia, 7
athletics, 1960, Belgium, 2
athletics, 1960, British West Indies, 1
athletics, 1960, Czechoslovakia, 2
athletics, 1960, Ethiopia, 3
athletics, 1960, Finland, 1
athletics, 1960, France, 3
athletics, 1960, Germany, 2
athletics, 1960, Great Britain, 8
athletics, 1960, Hungary, 4
athletics, 1960, Italy, 5
athletics, 1960, Morocco, 2
athletics, 1960, New Zealand, 7
athletics, 1960, Poland, 13
athletics, 1960, Romania, 4
athletics, 1960, South Africa, 1
athletics, 1960, Soviet Union, 40
athletics, 1960, Sweden, 2
athletics, 1960, Taiwan, 2
athletics, 1960, United States, 55
athletics, 1960, United Team of Germany, 15
athletics, 1964, Australia, 7
athletics, 1964, Belgium, 3
athletics, 1964, Canada, 3
athletics, 1964, Cuba, 2
athletics, 1964, Czechoslovakia, 4
athletics, 1964, Ethiopia, 3
athletics, 1964, Finland, 3
athletics, 1964, France, 2
athletics, 1964, Great Britain, 25
athletics, 1964, Hungary, 7
athletics, 1964, Italy, 4
athletics, 1964, Japan, 1
athletics, 1964, Kenya, 1
athletics, 1964, New Zealand, 8
athletics, 1964, Poland, 12
athletics, 1964, Romania, 7
athletics, 1964, Soviet Union, 30
athletics, 1964, Sweden, 1
athletics, 1964, Trinidad and Tobago, 3
athletics, 1964, United States, 50
athletics, 1964, United Team of Germany, 16
athletics, 1968, Australia, 8
athletics, 1968, Austria, 3
athletics, 1968, Brazil, 2
athletics, 1968, Cuba, 2
athletics, 1968, Czechoslovakia, 4
athletics, 1968, East Germany, 13
athletics, 1968, Ethiopia, 3
athletics, 1968, Finland, 2
athletics, 1968, France, 3
athletics, 1968, Great Britain, 8
athletics, 1968, Hungary, 12
athletics, 1968, Italy, 2
athletics, 1968, Jamaica, 2
athletics, 1968, Japan, 2
athletics, 1968, Kenya, 13
athletics, 1968, Mexico, 2
athletics, 1968, Netherlands, 1
athletics, 1968, New Zealand, 1
athletics, 1968, Poland, 4
athletics, 1968, Romania, 10
athletics, 1968, Soviet Union, 21
athletics, 1968, Tunisia, 3
athletics, 1968, United States, 58
athletics, 1968, West Germany, 13
athletics, 1972, Australia, 4
athletics, 1972, Austria, 1
athletics, 1972, Belgium, 2
athletics, 1972, Brazil, 1
athletics, 1972, Bulgaria, 6
athletics, 1972, Cuba, 2
athletics, 1972, Czechoslovakia, 4
athletics, 1972, East Germany, 43
athletics, 1972, Ethiopia, 1
athletics, 1972, Finland, 7
athletics, 1972, France, 2
athletics, 1972, Great Britain, 5
athletics, 1972, Italy, 2
athletics, 1972, Jamaica, 1
athletics, 1972, Kenya, 9
athletics, 1972, New Zealand, 1
athletics, 1972, Poland, 5
athletics, 1972, Romania, 4
athletics, 1972, Soviet Union, 40
athletics, 1972, Sweden, 1
athletics, 1972, Tunisia, 2
athletics, 1972, Uganda, 3
athletics, 1972, United States, 39
athletics, 1972, West Germany, 25
athletics, 1976, Belgium, 5
athletics, 1976, Brazil, 1
athletics, 1976, Bulgaria, 8
athletics, 1976, Canada, 2
athletics, 1976, Cuba, 8
athletics, 1976, Czechoslovakia, 1
athletics, 1976, East Germany, 54
athletics, 1976, Finland, 7
athletics, 1976, France, 3
athletics, 1976, Hungary, 3
athletics, 1976, Italy, 2
athletics, 1976, Jamaica, 5
athletics, 1976, Mexico, 3
athletics, 1976, New Zealand, 5
athletics, 1976, Poland, 11
athletics, 1976, Romania, 1
athletics, 1976, Soviet Union, 29
athletics, 1976, Sweden, 3
athletics, 1976, Trinidad and Tobago, 3
athletics, 1976, United States, 36
athletics, 1976, West Germany, 14
athletics, 1980, Australia, 2
athletics, 1980, Brazil, 1
athletics, 1980, Bulgaria, 3
athletics, 1980, Cuba, 8
athletics, 1980, Czechoslovakia, 4
athletics, 1980, East Germany, 57
athletics, 1980, Ethiopia, 4
athletics, 1980, Finland, 1
athletics, 1980, Great Britain, 20
athletics, 1980, Italy, 9
athletics, 1980, Jamaica, 2
athletics, 1980, Netherlands, 2
athletics, 1980, Poland, 13
athletics, 1980, Soviet Union, 77
athletics, 1980, Spain, 2
athletics, 1980, Tanzania, 4
athletics, 1984, Australia, 6
athletics, 1984, Brazil, 3
athletics, 1984, Canada, 6
athletics, 1984, China, 1
athletics, 1984, Finland, 9
athletics, 1984, France, 6
athletics, 1984, Great Britain, 25
athletics, 1984, Ireland, 2
athletics, 1984, Italy, 11
athletics, 1984, Ivory Coast (CÃ´te d'Ivoire), 2
athletics, 1984, Jamaica, 2
athletics, 1984, Kenya, 3
athletics, 1984, Mexico, 8
athletics, 1984, Morocco, 6
athletics, 1984, Netherlands, 3
athletics, 1984, Norway, 2
athletics, 1984, Portugal, 5
athletics, 1984, Romania, 19
athletics, 1984, Spain, 1
athletics, 1984, Sr., 2
athletics, 1984, Sweden, 5
athletics, 1984, Switzerland, 2
athletics, 1984, United States, 78
athletics, 1984, West Germany, 21
athletics, 1988, Australia, 5
athletics, 1988, Brazil, 3
athletics, 1988, Bulgaria, 9
athletics, 1988, Canada, 1
athletics, 1988, China, 1
athletics, 1988, Czechoslovakia, 5
athletics, 1988, Djibouti, 1
athletics, 1988, East Germany, 50
athletics, 1988, Finland, 4
athletics, 1988, Great Britain, 10
athletics, 1988, Italy, 4
athletics, 1988, Jamaica, 2
athletics, 1988, Kenya, 16
athletics, 1988, Morocco, 1
athletics, 1988, Portugal, 3
athletics, 1988, Romania, 5
athletics, 1988, Senegal, 2
athletics, 1988, Soviet Union, 45
athletics, 1988, Switzerland, 1
athletics, 1988, United States, 56
athletics, 1988, West Germany, 4
athletics, 1992, Algeria, 3
athletics, 1992, Australia, 1
athletics, 1992, Bahamas, 1
athletics, 1992, Bulgaria, 3
athletics, 1992, Canada, 6
athletics, 1992, China, 3
athletics, 1992, Colombia, 1
athletics, 1992, Cuba, 9
athletics, 1992, Czechoslovakia, 6
athletics, 1992, Ethiopia, 1
athletics, 1992, Finland, 2
athletics, 1992, France, 3
athletics, 1992, Germany, 19
athletics, 1992, Great Britain, 9
athletics, 1992, Greece, 3
athletics, 1992, Italy, 1
athletics, 1992, Jamaica, 7
athletics, 1992, Japan, 4
athletics, 1992, Kenya, 14
athletics, 1992, Lithuania, 3
athletics, 1992, Mexico, 2
athletics, 1992, Morocco, 2
athletics, 1992, Namibia, 4
athletics, 1992, Netherlands, 3
athletics, 1992, New Zealand, 1
athletics, 1992, Nigeria, 1
athletics, 1992, Qatar, 1
athletics, 1992, Romania, 2
athletics, 1992, South Korea, 3
athletics, 1992, Spain, 9
athletics, 1992, Sr., 3
athletics, 1992, Sweden, 2
athletics, 1992, Unified Team, 44
athletics, 1992, United States, 52
athletics, 1996, Algeria, 3
athletics, 1996, Australia, 4
athletics, 1996, Austria, 1
athletics, 1996, Bahamas, 2
athletics, 1996, Belarus, 6
athletics, 1996, Bulgaria, 3
athletics, 1996, Burundi, 3
athletics, 1996, Canada, 3
athletics, 1996, China, 5
athletics, 1996, Cuba, 3
athletics, 1996, Czech Republic, 5
athletics, 1996, Ecuador, 3
athletics, 1996, Ethiopia, 3
athletics, 1996, Finland, 4
athletics, 1996, France, 10
athletics, 1996, Germany, 14
athletics, 1996, Great Britain, 8
athletics, 1996, Greece, 2
athletics, 1996, Hungary, 3
athletics, 1996, Italy, 4
athletics, 1996, Jamaica, 10
athletics, 1996, Japan, 1
athletics, 1996, Kenya, 12
athletics, 1996, Mexico, 1
athletics, 1996, Morocco, 1
athletics, 1996, Mozambique, 1
athletics, 1996, Namibia, 4
athletics, 1996, Nigeria, 7
athletics, 1996, Norway, 4
athletics, 1996, Poland, 5
athletics, 1996, Romania, 2
athletics, 1996, Russia, 19
athletics, 1996, Slovenia, 2
athletics, 1996, South Africa, 5
athletics, 1996, South Korea, 2
athletics, 1996, Spain, 3
athletics, 1996, Sweden, 3
athletics, 1996, Syria, 3
athletics, 1996, Trinidad and Tobago, 2
athletics, 1996, Uganda, 1
athletics, 1996, Ukraine, 6
athletics, 1996, United States, 49
athletics, 1996, Zambia, 2
athletics, 2000, Algeria, 7
athletics, 2000, Australia, 7
athletics, 2000, Austria, 2
athletics, 2000, Bahamas, 6
athletics, 2000, Barbados, 1
athletics, 2000, Belarus, 9
athletics, 2000, Bulgaria, 3
athletics, 2000, China, 3
athletics, 2000, Cuba, 11
athletics, 2000, Czech Republic, 5
athletics, 2000, Denmark, 2
athletics, 2000, Estonia, 3
athletics, 2000, Ethiopia, 8
athletics, 2000, Finland, 3
athletics, 2000, Germany, 10
athletics, 2000, Great Britain, 12
athletics, 2000, Greece, 10
athletics, 2000, Iceland, 1
athletics, 2000, Ireland, 2
athletics, 2000, Italy, 4
athletics, 2000, Jamaica, 12
athletics, 2000, Japan, 3
athletics, 2000, Kazakhstan, 3
athletics, 2000, Kenya, 12
athletics, 2000, Latvia, 2
athletics, 2000, Lithuania, 3
athletics, 2000, Mexico, 3
athletics, 2000, Morocco, 5
athletics, 2000, Mozambique, 3
athletics, 2000, Nigeria, 2
athletics, 2000, Norway, 5
athletics, 2000, Poland, 12
athletics, 2000, Romania, 8
athletics, 2000, Russia, 23
athletics, 2000, Saudi Arabia, 2
athletics, 2000, South Africa, 4
athletics, 2000, Spain, 1
athletics, 2000, Sri Lanka, 2
athletics, 2000, Sweden, 1
athletics, 2000, Trinidad and Tobago, 3
athletics, 2000, Ukraine, 2
athletics, 2000, United States, 31
athletics, 2004, Australia, 2
athletics, 2004, Bahamas, 4
athletics, 2004, Belarus, 3
athletics, 2004, Brazil, 1
athletics, 2004, Cameroon, 3
athletics, 2004, China, 3
athletics, 2004, Cuba, 10
athletics, 2004, Czech Republic, 5
athletics, 2004, Denmark, 3
athletics, 2004, Dominican Republic, 3
athletics, 2004, Estonia, 1
athletics, 2004, Ethiopia, 6
athletics, 2004, France, 2
athletics, 2004, Germany, 4
athletics, 2004, Great Britain, 7
athletics, 2004, Greece, 11
athletics, 2004, Hungary, 2
athletics, 2004, Italy, 7
athletics, 2004, Jamaica, 10
athletics, 2004, Japan, 6
athletics, 2004, Kazakhstan, 1
athletics, 2004, Kenya, 13
athletics, 2004, Latvia, 2
athletics, 2004, Lithuania, 5
athletics, 2004, Mexico, 2
athletics, 2004, Morocco, 8
athletics, 2004, Norway, 3
athletics, 2004, Poland, 4
athletics, 2004, Portugal, 3
athletics, 2004, Romania, 5
athletics, 2004, Russia, 38
athletics, 2004, Slovenia, 1
athletics, 2004, South Africa, 4
athletics, 2004, Spain, 4
athletics, 2004, Sweden, 9
athletics, 2004, Turkey, 2
athletics, 2004, Ukraine, 4
athletics, 2004, United States, 49
athletics, 2008, Australia, 8
athletics, 2008, Bahamas, 1
athletics, 2008, Belarus, 11
athletics, 2008, Belgium, 5
athletics, 2008, Brazil, 3
athletics, 2008, Cameroon, 3
athletics, 2008, Canada, 2
athletics, 2008, China, 2
athletics, 2008, Croatia, 2
athletics, 2008, Cuba, 9
athletics, 2008, Czech Republic, 3
athletics, 2008, Ecuador, 2
athletics, 2008, Estonia, 3
athletics, 2008, Ethiopia, 8
athletics, 2008, Finland, 1
athletics, 2008, France, 3
athletics, 2008, Germany, 1
athletics, 2008, Great Britain, 8
athletics, 2008, Greece, 1
athletics, 2008, Italy, 4
athletics, 2008, Jamaica, 21
athletics, 2008, Kenya, 29
athletics, 2008, Latvia, 2
athletics, 2008, Lithuania, 1
athletics, 2008, Morocco, 3
athletics, 2008, New Zealand, 5
athletics, 2008, Nigeria, 2
athletics, 2008, Norway, 5
athletics, 2008, Panama, 3
athletics, 2008, Poland, 5
athletics, 2008, Portugal, 3
athletics, 2008, Romania, 3
athletics, 2008, Russia, 34
athletics, 2008, Slovenia, 3
athletics, 2008, South Africa, 2
athletics, 2008, Sudan, 2
athletics, 2008, Trinidad and Tobago, 2
athletics, 2008, Turkey, 2
athletics, 2008, Ukraine, 8
athletics, 2008, United States, 42
athletics, 2012, Algeria, 3
athletics, 2012, Australia, 8
athletics, 2012, Botswana, 2
athletics, 2012, Brunei, 2
athletics, 2012, China, 10
athletics, 2012, Colombia, 2
athletics, 2012, Croatia, 3
athletics, 2012, Cuba, 4
athletics, 2012, Czech Republic, 4
athletics, 2012, Dominican Republic, 5
athletics, 2012, Estonia, 1
athletics, 2012, Ethiopia, 10
athletics, 2012, Finland, 1
athletics, 2012, France, 5
athletics, 2012, Germany, 14
athletics, 2012, Great Britain, 11
athletics, 2012, Grenada, 3
athletics, 2012, Guatemala, 2
athletics, 2012, Hungary, 3
athletics, 2012, Iran, 2
athletics, 2012, Ireland, 1
athletics, 2012, Italy, 1
athletics, 2012, Jamaica, 21
athletics, 2012, Japan, 1
athletics, 2012, Kazakhstan, 3
athletics, 2012, Kenya, 16
athletics, 2012, Morocco, 1
athletics, 2012, New Zealand, 3
athletics, 2012, Poland, 5
athletics, 2012, Puerto Rico, 1
athletics, 2012, Qatar, 1
athletics, 2012, Russia, 34
athletics, 2012, Slovenia, 2
athletics, 2012, South Africa, 2
athletics, 2012, Trinidad and Tobago, 4
athletics, 2012, Tunisia, 2
athletics, 2012, Turkey, 3
athletics, 2012, Uganda, 3
athletics, 2012, Ukraine, 4
athletics, 2012, United States, 54
badminton, 1992, China, 4
badminton, 1992, Denmark, 1
badminton, 1992, Indonesia, 10
badminton, 1992, South Korea, 9
badminton, 1996, China, 7
badminton, 1996, Denmark, 3
badminton, 1996, Indonesia, 7
badminton, 1996, Malaysia, 3
badminton, 1996, South Korea, 10
badminton, 2000, China, 17
badminton, 2000, Denmark, 2
badminton, 2000, Great Britain, 1
badminton, 2000, Indonesia, 7
badminton, 2000, South Korea, 3
badminton, 2004, China, 12
badminton, 2004, Denmark, 1
badminton, 2004, Great Britain, 2
badminton, 2004, Indonesia, 5
badminton, 2004, Netherlands, 2
badminton, 2004, South Korea, 8
badminton, 2008, China, 16
badminton, 2008, Indonesia, 6
badminton, 2008, Malaysia, 2
badminton, 2008, South Korea, 6
badminton, 2012, China, 20
badminton, 2012, Denmark, 3
badminton, 2012, India, 1
badminton, 2012, Japan, 2
badminton, 2012, Malaysia, 2
badminton, 2012, Russia, 1
badminton, 2012, South Korea, 1
boxing, 1904, United States, 6
boxing, 1908, Great Britain, 6
boxing, 1920, France, 5
boxing, 1920, Italy, 1
boxing, 1924, Argentina, 1
boxing, 1924, United States, 5
boxing, 1928, Argentina, 2
boxing, 1928, Netherlands, 3
boxing, 1928, United States, 1
boxing, 1932, Argentina, 3
boxing, 1932, Germany, 2
boxing, 1932, Sweden, 1
boxing, 1936, Argentina, 3
boxing, 1936, Germany, 1
boxing, 1936, South Africa, 2
boxing, 1948, Italy, 3
boxing, 1948, Poland, 1
boxing, 1948, South Africa, 2
boxing, 1952, Czechoslovakia, 3
boxing, 1952, France, 1
boxing, 1952, Italy, 2
boxing, 1952, South Africa, 1
boxing, 1956, Finland, 1
boxing, 1956, Great Britain, 2
boxing, 1956, Poland, 1
boxing, 1956, Soviet Union, 3
boxing, 1960, Finland, 1
boxing, 1960, Italy, 3
boxing, 1960, Poland, 2
boxing, 1960, South Africa, 1
boxing, 1964, Germany, 1
boxing, 1964, Philippines, 2
boxing, 1964, Soviet Union, 3
boxing, 1964, United States, 1
boxing, 1968, Bulgaria, 1
boxing, 1968, Kenya, 1
boxing, 1968, Mexico, 3
boxing, 1968, Poland, 1
boxing, 1968, South Korea, 2
boxing, 1968, United States, 3
boxing, 1968, Venezuela, 3
boxing, 1972, Colombia, 1
boxing, 1972, Great Britain, 1
boxing, 1972, Hungary, 4
boxing, 1972, Kenya, 2
boxing, 1972, North Korea, 2
boxing, 1972, Soviet Union, 3
boxing, 1972, Spain, 1
boxing, 1976, Cuba, 6
boxing, 1976, East Germany, 2
boxing, 1976, Mexico, 1
boxing, 1976, North Korea, 2
boxing, 1976, Poland, 1
boxing, 1976, Puerto Rico, 1
boxing, 1976, Thailand, 1
boxing, 1980, Bulgaria, 1
boxing, 1980, Cuba, 4
boxing, 1980, East Germany, 3
boxing, 1980, North Korea, 1
boxing, 1980, Poland, 1
boxing, 1980, Soviet Union, 4
boxing, 1984, Italy, 2
boxing, 1984, Nigeria, 2
boxing, 1984, Turkey, 1
boxing, 1984, United States, 6
boxing, 1984, Venezuela, 2
boxing, 1984, Zambia, 1
boxing, 1988, Bulgaria, 3
boxing, 1988, Hungary, 1
boxing, 1988, Italy, 3
boxing, 1988, Morocco, 1
boxing, 1988, Philippines, 1
boxing, 1988, Romania, 2
boxing, 1988, South Korea, 1
boxing, 1988, United States, 2
boxing, 1992, Algeria, 1
boxing, 1992, Bulgaria, 2
boxing, 1992, Cuba, 3
boxing, 1992, Germany, 4
boxing, 1992, Philippines, 1
boxing, 1992, Spain, 2
boxing, 1992, Unified Team, 1
boxing, 1996, Argentina, 1
boxing, 1996, Bulgaria, 5
boxing, 1996, Philippines, 2
boxing, 1996, Spain, 1
boxing, 1996, Thailand, 3
boxing, 1996, Ukraine, 1
boxing, 1996, United States, 1
boxing, 2000, Cuba, 1
boxing, 2000, France, 3
boxing, 2000, Kazakhstan, 3
boxing, 2000, Morocco, 1
boxing, 2000, North Korea, 1
boxing, 2000, Russia, 1
boxing, 2000, Spain, 2
boxing, 2000, United States, 2
boxing, 2004, China, 1
boxing, 2004, Cuba, 3
boxing, 2004, Germany, 1
boxing, 2004, North Korea, 2
boxing, 2004, Russia, 4
boxing, 2004, South Korea, 1
boxing, 2004, Turkey, 2
boxing, 2008, Azerbaijan, 1
boxing, 2008, China, 3
boxing, 2008, Cuba, 1
boxing, 2008, France, 2
boxing, 2008, Ireland, 1
boxing, 2008, Mongolia, 2
boxing, 2008, Turkey, 1
boxing, 2008, Ukraine, 3
boxing, 2012, China, 5
boxing, 2012, Great Britain, 3
boxing, 2012, India, 1
boxing, 2012, Ireland, 1
boxing, 2012, Russia, 1
boxing, 2012, Thailand, 2
boxing, 2012, United States, 1
canoeing, 1948, Austria, 1
canoeing, 1948, Denmark, 3
canoeing, 1948, Netherlands, 2
canoeing, 1952, Austria, 2
canoeing, 1952, Finland, 3
canoeing, 1952, Soviet Union, 1
canoeing, 1956, Denmark, 1
canoeing, 1956, Germany, 2
canoeing, 1956, Soviet Union, 3
canoeing, 1960, Germany, 4
canoeing, 1960, Hungary, 1
canoeing, 1960, Poland, 1
canoeing, 1960, Soviet Union, 6
canoeing, 1964, Germany, 3
canoeing, 1964, Romania, 3
canoeing, 1964, Soviet Union, 3
canoeing, 1964, United States, 3
canoeing, 1968, Hungary, 2
canoeing, 1968, Romania, 1
canoeing, 1968, Soviet Union, 4
canoeing, 1968, West Germany, 5
canoeing, 1972, East Germany, 8
canoeing, 1972, Hungary, 1
canoeing, 1972, Netherlands, 2
canoeing, 1972, Romania, 1
canoeing, 1972, Soviet Union, 6
canoeing, 1972, United States, 1
canoeing, 1972, West Germany, 5
canoeing, 1976, Canada, 2
canoeing, 1976, East Germany, 4
canoeing, 1976, Hungary, 3
canoeing, 1976, Soviet Union, 8
canoeing, 1976, Yugoslavia, 1
canoeing, 1980, Bulgaria, 4
canoeing, 1980, East Germany, 7
canoeing, 1980, Hungary, 1
canoeing, 1980, Soviet Union, 6
canoeing, 1984, Canada, 6
canoeing, 1984, Denmark, 2
canoeing, 1984, Netherlands, 1
canoeing, 1984, Romania, 4
canoeing, 1984, Sweden, 8
canoeing, 1984, West Germany, 3
canoeing, 1988, Bulgaria, 7
canoeing, 1988, East Germany, 11
canoeing, 1988, Hungary, 2
canoeing, 1988, Netherlands, 1
canoeing, 1988, Poland, 1
canoeing, 1988, Soviet Union, 2
canoeing, 1992, Australia, 2
canoeing, 1992, Bulgaria, 3
canoeing, 1992, Czechoslovakia, 3
canoeing, 1992, France, 1
canoeing, 1992, Germany, 12
canoeing, 1992, Great Britain, 2
canoeing, 1992, Hungary, 6
canoeing, 1992, Poland, 1
canoeing, 1992, Sweden, 3
canoeing, 1992, Unified Team, 2
canoeing, 1992, United States, 1
canoeing, 1996, Australia, 1
canoeing, 1996, Canada, 2
canoeing, 1996, Czech Republic, 8
canoeing, 1996, France, 2
canoeing, 1996, Germany, 5
canoeing, 1996, Hungary, 4
canoeing, 1996, Italy, 1
canoeing, 1996, Slovakia, 5
canoeing, 1996, Sweden, 4
canoeing, 1996, Switzerland, 2
canoeing, 1996, United States, 2
canoeing, 2000, Australia, 1
canoeing, 2000, Canada, 2
canoeing, 2000, Czech Republic, 3
canoeing, 2000, France, 6
canoeing, 2000, Germany, 7
canoeing, 2000, Hungary, 7
canoeing, 2000, Italy, 3
canoeing, 2000, Poland, 1
canoeing, 2000, Romania, 1
canoeing, 2000, Russia, 2
canoeing, 2000, Slovakia, 3
canoeing, 2004, Canada, 1
canoeing, 2004, France, 3
canoeing, 2004, Germany, 9
canoeing, 2004, Great Britain, 1
canoeing, 2004, Hungary, 8
canoeing, 2004, Italy, 2
canoeing, 2004, Poland, 1
canoeing, 2004, Russia, 1
canoeing, 2004, Slovakia, 5
canoeing, 2004, Spain, 2
canoeing, 2004, Ukraine, 1
canoeing, 2004, United States, 2
canoeing, 2008, Australia, 4
canoeing, 2008, Austria, 1
canoeing, 2008, France, 1
canoeing, 2008, Germany, 4
canoeing, 2008, Great Britain, 2
canoeing, 2008, Hungary, 5
canoeing, 2008, Italy, 2
canoeing, 2008, Poland, 2
canoeing, 2008, Russia, 3
canoeing, 2008, Slovakia, 6
canoeing, 2008, Spain, 2
canoeing, 2008, Ukraine, 4
canoeing, 2012, Australia, 2
canoeing, 2012, Belarus, 1
canoeing, 2012, France, 6
canoeing, 2012, Germany, 7
canoeing, 2012, Hungary, 9
canoeing, 2012, Lithuania, 2
canoeing, 2012, New Zealand, 3
canoeing, 2012, Poland, 1
canoeing, 2012, Russia, 1
canoeing, 2012, Slovakia, 1
canoeing, 2012, South Africa, 1
canoeing, 2012, Spain, 1
canoeing, 2012, Ukraine, 7
cycling, 1896, Germany, 2
cycling, 1896, Great Britain, 1
cycling, 1896, Greece, 3
cycling, 1912, Great Britain, 2
cycling, 1912, Sweden, 3
cycling, 1912, United States, 1
cycling, 1920, Belgium, 1
cycling, 1920, France, 3
cycling, 1920, Sweden, 2
cycling, 1924, Belgium, 2
cycling, 1924, France, 3
cycling, 1924, Sweden, 1
cycling, 1928, Denmark, 6
cycling, 1928, Great Britain, 4
cycling, 1928, Sweden, 2
cycling, 1932, Denmark, 2
cycling, 1932, Italy, 8
cycling, 1932, Sweden, 2
cycling, 1936, Belgium, 1
cycling, 1936, France, 8
cycling, 1936, Switzerland, 3
cycling, 1948, Belgium, 4
cycling, 1948, France, 4
cycling, 1948, Great Britain, 2
cycling, 1948, Netherlands, 2
cycling, 1952, Belgium, 8
cycling, 1952, France, 1
cycling, 1952, Germany, 1
cycling, 1952, Italy, 2
cycling, 1956, France, 5
cycling, 1956, Germany, 1
cycling, 1956, Great Britain, 3
cycling, 1956, Italy, 3
cycling, 1960, Belgium, 1
cycling, 1960, Germany, 2
cycling, 1960, Italy, 5
cycling, 1960, Soviet Union, 4
cycling, 1964, Belgium, 1
cycling, 1964, Denmark, 2
cycling, 1964, Italy, 5
cycling, 1964, Netherlands, 3
cycling, 1964, Sweden, 1
cycling, 1968, Denmark, 2
cycling, 1968, Italy, 4
cycling, 1968, Netherlands, 3
cycling, 1968, Sweden, 3
cycling, 1972, Australia, 2
cycling, 1972, Netherlands, 3
cycling, 1972, Poland, 2
cycling, 1972, Soviet Union, 3
cycling, 1976, Denmark, 1
cycling, 1976, Italy, 2
cycling, 1976, Poland, 3
cycling, 1976, Soviet Union, 3
cycling, 1976, Sweden, 3
cycling, 1980, Czechoslovakia, 1
cycling, 1980, East Germany, 2
cycling, 1980, Poland, 2
cycling, 1980, Soviet Union, 7
cycling, 1984, Canada, 2
cycling, 1984, Italy, 3
cycling, 1984, Norway, 1
cycling, 1984, Switzerland, 2
cycling, 1984, United States, 9
cycling, 1984, West Germany, 1
cycling, 1988, East Germany, 3
cycling, 1988, France, 1
cycling, 1988, Germany, 3
cycling, 1988, Italy, 2
cycling, 1988, Netherlands, 3
cycling, 1988, Soviet Union, 1
cycling, 1988, West Germany, 5
cycling, 1992, Australia, 3
cycling, 1992, France, 2
cycling, 1992, Italy, 3
cycling, 1992, Latvia, 1
cycling, 1992, Netherlands, 3
cycling, 1996, Australia, 1
cycling, 1996, Canada, 3
cycling, 1996, Denmark, 2
cycling, 1996, France, 7
cycling, 1996, Great Britain, 1
cycling, 1996, Italy, 5
cycling, 1996, Netherlands, 5
cycling, 1996, Switzerland, 5
cycling, 1996, United States, 1
cycling, 2000, Australia, 2
cycling, 2000, Belgium, 2
cycling, 2000, France, 6
cycling, 2000, Germany, 7
cycling, 2000, Italy, 6
cycling, 2000, Kazakhstan, 2
cycling, 2000, Lithuania, 1
cycling, 2000, Netherlands, 5
cycling, 2000, Russia, 1
cycling, 2000, Spain, 1
cycling, 2000, Switzerland, 3
cycling, 2004, Australia, 7
cycling, 2004, Belgium, 1
cycling, 2004, Canada, 2
cycling, 2004, Colombia, 1
cycling, 2004, France, 3
cycling, 2004, Germany, 3
cycling, 2004, Italy, 3
cycling, 2004, Mexico, 2
cycling, 2004, Netherlands, 1
cycling, 2004, Norway, 3
cycling, 2004, Portugal, 2
cycling, 2004, Russia, 4
cycling, 2004, Spain, 4
cycling, 2008, Cuba, 2
cycling, 2008, France, 10
cycling, 2008, Germany, 3
cycling, 2008, Great Britain, 8
cycling, 2008, Italy, 1
cycling, 2008, Japan, 1
cycling, 2008, Latvia, 3
cycling, 2008, Netherlands, 3
cycling, 2008, Poland, 2
cycling, 2008, Russia, 2
cycling, 2008, Spain, 4
cycling, 2008, Sweden, 2
cycling, 2008, Switzerland, 3
cycling, 2008, United States, 4
cycling, 2012, Australia, 2
cycling, 2012, China, 2
cycling, 2012, Colombia, 6
cycling, 2012, Czech Republic, 3
cycling, 2012, France, 3
cycling, 2012, Germany, 4
cycling, 2012, Great Britain, 8
cycling, 2012, Hong Kong, 1
cycling, 2012, Italy, 1
cycling, 2012, Kazakhstan, 3
cycling, 2012, Latvia, 3
cycling, 2012, Netherlands, 4
cycling, 2012, New Zealand, 3
cycling, 2012, Norway, 1
cycling, 2012, Russia, 1
cycling, 2012, Switzerland, 2
cycling, 2012, United States, 1
diving, 1904, Germany, 3
diving, 1904, Sweden, 6
diving, 1904, United States, 4
diving, 1912, Germany, 2
diving, 1912, Great Britain, 1
diving, 1912, Sweden, 15
diving, 1920, Denmark, 3
diving, 1920, Great Britain, 2
diving, 1920, Sweden, 9
diving, 1920, United States, 4
diving, 1924, Australia, 3
diving, 1924, Great Britain, 1
diving, 1924, Sweden, 3
diving, 1924, United States, 11
diving, 1928, Egypt, 2
diving, 1928, Sweden, 1
diving, 1928, United States, 9
diving, 1932, United States, 12
diving, 1936, Germany, 2
diving, 1936, United States, 10
diving, 1948, Denmark, 1
diving, 1948, Mexico, 1
diving, 1948, United States, 10
diving, 1952, Germany, 1
diving, 1952, Mexico, 2
diving, 1952, United States, 9
diving, 1956, Mexico, 3
diving, 1956, United States, 9
diving, 1960, Germany, 3
diving, 1960, Great Britain, 1
diving, 1960, Soviet Union, 1
diving, 1960, United States, 7
diving, 1964, Germany, 2
diving, 1964, Italy, 2
diving, 1964, Soviet Union, 1
diving, 1964, United States, 7
diving, 1968, Czechoslovakia, 3
diving, 1968, Italy, 3
diving, 1968, Mexico, 2
diving, 1968, Soviet Union, 2
diving, 1968, United States, 2
diving, 1972, Czechoslovakia, 2
diving, 1972, East Germany, 1
diving, 1972, Italy, 4
diving, 1972, Sweden, 3
diving, 1972, United States, 2
diving, 1976, Italy, 3
diving, 1976, Soviet Union, 4
diving, 1976, Sweden, 2
diving, 1976, United States, 3
diving, 1980, East Germany, 6
diving, 1980, Soviet Union, 6
diving, 1984, China, 4
diving, 1984, United States, 8
diving, 1988, China, 5
diving, 1988, Mexico, 1
diving, 1988, United States, 6
diving, 1992, China, 7
diving, 1992, Unified Team, 2
diving, 1992, United States, 3
diving, 1996, China, 4
diving, 1996, Germany, 4
diving, 1996, Russia, 3
diving, 1996, United States, 1
diving, 2000, Canada, 1
diving, 2000, China, 7
diving, 2000, Russia, 1
diving, 2000, United States, 3
diving, 2004, Australia, 6
diving, 2004, China, 6
diving, 2008, Australia, 3
diving, 2008, Canada, 2
diving, 2008, China, 6
diving, 2008, Russia, 1
diving, 2012, Australia, 2
diving, 2012, China, 5
diving, 2012, Great Britain, 1
diving, 2012, Malaysia, 1
diving, 2012, United States, 3
equestrian, 1900, Belgium, 12
equestrian, 1900, France, 14
equestrian, 1900, Italy, 5
equestrian, 1912, Belgium, 1
equestrian, 1912, France, 6
equestrian, 1912, Germany, 7
equestrian, 1912, Sweden, 15
equestrian, 1912, United States, 1
equestrian, 1920, Belgium, 10
equestrian, 1920, France, 4
equestrian, 1920, Italy, 9
equestrian, 1920, Sweden, 19
equestrian, 1924, Denmark, 2
equestrian, 1924, France, 1
equestrian, 1924, Italy, 3
equestrian, 1924, Netherlands, 6
equestrian, 1924, Poland, 1
equestrian, 1924, Portugal, 1
equestrian, 1924, Sweden, 10
equestrian, 1924, Switzerland, 5
equestrian, 1924, United States, 1
equestrian, 1928, Czechoslovakia, 3
equestrian, 1928, France, 4
equestrian, 1928, Germany, 7
equestrian, 1928, Netherlands, 9
equestrian, 1928, Norway, 2
equestrian, 1928, Poland, 3
equestrian, 1928, Spain, 3
equestrian, 1928, Sweden, 4
equestrian, 1928, Switzerland, 1
equestrian, 1932, France, 8
equestrian, 1932, Japan, 3
equestrian, 1932, Netherlands, 5
equestrian, 1932, Sweden, 4
equestrian, 1932, United States, 9
equestrian, 1936, Austria, 1
equestrian, 1936, Denmark, 1
equestrian, 1936, France, 2
equestrian, 1936, Germany, 20
equestrian, 1936, Great Britain, 1
equestrian, 1936, Hungary, 1
equestrian, 1936, Netherlands, 2
equestrian, 1936, Poland, 2
equestrian, 1936, Portugal, 1
equestrian, 1936, Romania, 2
equestrian, 1936, Sweden, 1
equestrian, 1936, United States, 2
equestrian, 1948, France, 9
equestrian, 1948, Great Britain, 1
equestrian, 1948, Mexico, 9
equestrian, 1948, Portugal, 1
equestrian, 1948, Spain, 2
equestrian, 1948, Sweden, 4
equestrian, 1948, Switzerland, 3
equestrian, 1948, United States, 7
equestrian, 1952, Chile, 4
equestrian, 1952, Denmark, 2
equestrian, 1952, France, 6
equestrian, 1952, Germany, 5
equestrian, 1952, Great Britain, 3
equestrian, 1952, Sweden, 12
equestrian, 1952, Switzerland, 2
equestrian, 1952, United States, 2
equestrian, 1956, Canada, 1
equestrian, 1956, Denmark, 2
equestrian, 1956, Germany, 13
equestrian, 1956, Great Britain, 5
equestrian, 1956, Italy, 5
equestrian, 1956, Sweden, 9
equestrian, 1956, Switzerland, 1
equestrian, 1960, Australia, 8
equestrian, 1960, France, 1
equestrian, 1960, Germany, 4
equestrian, 1960, Great Britain, 1
equestrian, 1960, Italy, 6
equestrian, 1960, Soviet Union, 3
equestrian, 1960, Switzerland, 5
equestrian, 1960, United States, 2
equestrian, 1964, Argentina, 2
equestrian, 1964, France, 5
equestrian, 1964, Germany, 12
equestrian, 1964, Great Britain, 1
equestrian, 1964, Italy, 7
equestrian, 1964, Soviet Union, 2
equestrian, 1964, Switzerland, 5
equestrian, 1964, United States, 2
equestrian, 1968, Australia, 1
equestrian, 1968, Canada, 3
equestrian, 1968, France, 5
equestrian, 1968, Germany, 4
equestrian, 1968, Great Britain, 8
equestrian, 1968, Soviet Union, 5
equestrian, 1968, Switzerland, 1
equestrian, 1968, United States, 6
equestrian, 1968, West Germany, 3
equestrian, 1972, Germany, 6
equestrian, 1972, Great Britain, 8
equestrian, 1972, Italy, 6
equestrian, 1972, Soviet Union, 5
equestrian, 1972, Sweden, 2
equestrian, 1972, United States, 5
equestrian, 1972, West Germany, 4
equestrian, 1976, Australia, 1
equestrian, 1976, Belgium, 2
equestrian, 1976, Canada, 2
equestrian, 1976, France, 3
equestrian, 1976, Germany, 7
equestrian, 1976, Switzerland, 5
equestrian, 1976, United States, 9
equestrian, 1976, West Germany, 7
equestrian, 1980, Austria, 3
equestrian, 1980, Bulgaria, 2
equestrian, 1980, Italy, 5
equestrian, 1980, Mexico, 3
equestrian, 1980, Poland, 5
equestrian, 1980, Romania, 1
equestrian, 1980, Soviet Union, 17
equestrian, 1984, Denmark, 2
equestrian, 1984, Germany, 5
equestrian, 1984, Great Britain, 5
equestrian, 1984, New Zealand, 3
equestrian, 1984, Sweden, 1
equestrian, 1984, Switzerland, 4
equestrian, 1984, United States, 13
equestrian, 1984, West Germany, 3
equestrian, 1988, Canada, 1
equestrian, 1988, France, 6
equestrian, 1988, Germany, 9
equestrian, 1988, Great Britain, 5
equestrian, 1988, New Zealand, 4
equestrian, 1988, Switzerland, 3
equestrian, 1988, United States, 4
equestrian, 1988, West Germany, 4
equestrian, 1992, Australia, 6
equestrian, 1992, Austria, 2
equestrian, 1992, France, 1
equestrian, 1992, Germany, 15
equestrian, 1992, Netherlands, 7
equestrian, 1992, New Zealand, 3
equestrian, 1992, United States, 2
equestrian, 1996, Australia, 3
equestrian, 1996, Brazil, 1
equestrian, 1996, France, 1
equestrian, 1996, Germany, 12
equestrian, 1996, Netherlands, 5
equestrian, 1996, New Zealand, 6
equestrian, 1996, Switzerland, 2
equestrian, 1996, United States, 6
equestrian, 2000, Australia, 5
equestrian, 2000, Brazil, 1
equestrian, 2000, Germany, 9
equestrian, 2000, Great Britain, 2
equestrian, 2000, Netherlands, 10
equestrian, 2000, New Zealand, 1
equestrian, 2000, Saudi Arabia, 1
equestrian, 2000, Switzerland, 2
equestrian, 2000, United States, 5
equestrian, 2004, Brazil, 3
equestrian, 2004, France, 3
equestrian, 2004, Germany, 7
equestrian, 2004, Great Britain, 6
equestrian, 2004, Netherlands, 3
equestrian, 2004, Spain, 3
equestrian, 2004, Sweden, 2
equestrian, 2004, United States, 9
equestrian, 2008, Australia, 2
equestrian, 2008, Canada, 5
equestrian, 2008, Denmark, 1
equestrian, 2008, Germany, 12
equestrian, 2008, Great Britain, 2
equestrian, 2008, Netherlands, 5
equestrian, 2008, Sweden, 2
equestrian, 2008, Switzerland, 1
equestrian, 2008, United States, 6
equestrian, 2012, Germany, 9
equestrian, 2012, Great Britain, 12
equestrian, 2012, Ireland, 1
equestrian, 2012, Netherlands, 7
equestrian, 2012, New Zealand, 1
equestrian, 2012, Saudi Arabia, 1
equestrian, 2012, Sweden, 2
equestrian, 2012, Switzerland, 3
gymnastics, 1900, France, 6
gymnastics, 1904, Germany, 2
gymnastics, 1904, Switzerland, 1
gymnastics, 1904, United States, 9
gymnastics, 1908, France, 1
gymnastics, 1908, Great Britain, 2
gymnastics, 1908, Italy, 3
gymnastics, 1912, France, 2
gymnastics, 1912, Italy, 4
gymnastics, 1920, France, 3
gymnastics, 1920, Italy, 3
gymnastics, 1924, Czechoslovakia, 3
gymnastics, 1924, Yugoslavia, 3
gymnastics, 1928, Switzerland, 5
gymnastics, 1928, Yugoslavia, 1
gymnastics, 1932, Finland, 1
gymnastics, 1932, Hungary, 2
gymnastics, 1932, Italy, 3
gymnastics, 1936, Germany, 4
gymnastics, 1936, Switzerland, 2
gymnastics, 1948, Finland, 4
gymnastics, 1948, Switzerland, 2
gymnastics, 1952, Hungary, 3
gymnastics, 1952, Soviet Union, 12
gymnastics, 1952, Sweden, 4
gymnastics, 1952, Switzerland, 1
gymnastics, 1956, Hungary, 2
gymnastics, 1956, Japan, 2
gymnastics, 1956, Soviet Union, 8
gymnastics, 1960, Japan, 2
gymnastics, 1960, Soviet Union, 10
gymnastics, 1964, Czechoslovakia, 3
gymnastics, 1964, Japan, 3
gymnastics, 1964, Soviet Union, 5
gymnastics, 1968, Czechoslovakia, 3
gymnastics, 1968, Japan, 4
gymnastics, 1968, Soviet Union, 5
gymnastics, 1972, East Germany, 2
gymnastics, 1972, Japan, 6
gymnastics, 1972, Soviet Union, 4
gymnastics, 1976, Japan, 3
gymnastics, 1976, Romania, 3
gymnastics, 1976, Soviet Union, 6
gymnastics, 1980, Bulgaria, 1
gymnastics, 1980, Romania, 2
gymnastics, 1980, Soviet Union, 8
gymnastics, 1984, China, 1
gymnastics, 1984, Japan, 3
gymnastics, 1984, Romania, 3
gymnastics, 1984, United States, 5
gymnastics, 1988, Romania, 2
gymnastics, 1988, Soviet Union, 10
gymnastics, 1992, Romania, 1
gymnastics, 1992, Unified Team, 9
gymnastics, 1992, United States, 2
gymnastics, 1996, Belarus, 1
gymnastics, 1996, China, 3
gymnastics, 1996, Romania, 3
gymnastics, 1996, Russia, 2
gymnastics, 1996, Ukraine, 3
gymnastics, 2000, Australia, 2
gymnastics, 2000, Canada, 2
gymnastics, 2000, China, 3
gymnastics, 2000, Romania, 5
gymnastics, 2000, Russia, 9
gymnastics, 2000, Ukraine, 3
gymnastics, 2004, Canada, 2
gymnastics, 2004, China, 2
gymnastics, 2004, Germany, 4
gymnastics, 2004, Russia, 4
gymnastics, 2004, South Korea, 3
gymnastics, 2004, Ukraine, 3
gymnastics, 2004, United States, 6
gymnastics, 2008, Canada, 4
gymnastics, 2008, China, 11
gymnastics, 2008, France, 1
gymnastics, 2008, Japan, 2
gymnastics, 2008, United States, 5
gymnastics, 2008, Uzbekistan, 1
gymnastics, 2012, Canada, 3
gymnastics, 2012, China, 7
gymnastics, 2012, Germany, 2
gymnastics, 2012, Japan, 3
gymnastics, 2012, Russia, 5
gymnastics, 2012, United States, 4
rowling, 1900, France, 10
rowling, 1900, Germany, 1
rowling, 1900, Great Britain, 1
rowling, 1904, United States, 24
rowling, 1908, Belgium, 2
rowling, 1908, Canada, 3
rowling, 1908, Germany, 2
rowling, 1908, Great Britain, 20
rowling, 1908, New Zealand, 1
rowling, 1908, United States, 3
rowling, 1912, Denmark, 1
rowling, 1912, Germany, 3
rowling, 1912, Great Britain, 2
rowling, 1920, France, 1
rowling, 1920, Italy, 2
rowling, 1920, Norway, 1
rowling, 1920, Switzerland, 3
rowling, 1920, United States, 5
rowling, 1924, Canada, 2
rowling, 1924, France, 6
rowling, 1924, Great Britain, 6
rowling, 1924, Netherlands, 3
rowling, 1924, Switzerland, 6
rowling, 1924, United States, 6
rowling, 1928, Australia, 3
rowling, 1928, Austria, 1
rowling, 1928, Canada, 2
rowling, 1928, Germany, 3
rowling, 1928, Great Britain, 6
rowling, 1928, Italy, 4
rowling, 1928, Poland, 1
rowling, 1928, Switzerland, 2
rowling, 1928, United States, 8
rowling, 1932, Australia, 3
rowling, 1932, Canada, 1
rowling, 1932, Germany, 7
rowling, 1932, Great Britain, 6
rowling, 1932, Italy, 3
rowling, 1932, New Zealand, 2
rowling, 1932, Poland, 2
rowling, 1932, United States, 5
rowling, 1932, Uruguay, 1
rowling, 1936, Argentina, 1
rowling, 1936, Austria, 2
rowling, 1936, Denmark, 2
rowling, 1936, France, 1
rowling, 1936, Germany, 14
rowling, 1936, Great Britain, 5
rowling, 1936, Poland, 1
rowling, 1936, Switzerland, 3
rowling, 1936, United States, 1
rowling, 1948, Australia, 3
rowling, 1948, Denmark, 5
rowling, 1948, Great Britain, 6
rowling, 1948, Italy, 5
rowling, 1948, Switzerland, 4
rowling, 1948, United States, 4
rowling, 1948, Uruguay, 3
rowling, 1952, Argentina, 3
rowling, 1952, Australia, 2
rowling, 1952, Belgium, 2
rowling, 1952, Czechoslovakia, 3
rowling, 1952, Finland, 1
rowling, 1952, France, 2
rowling, 1952, Poland, 1
rowling, 1952, Soviet Union, 5
rowling, 1952, Switzerland, 3
rowling, 1952, United States, 4
rowling, 1952, Uruguay, 1
rowling, 1952, Yugoslavia, 3
rowling, 1956, Australia, 3
rowling, 1956, Austria, 1
rowling, 1956, Canada, 3
rowling, 1956, Finland, 1
rowling, 1956, France, 1
rowling, 1956, Italy, 3
rowling, 1956, Soviet Union, 8
rowling, 1956, Sweden, 2
rowling, 1956, United States, 8
rowling, 1960, Austria, 2
rowling, 1960, Czechoslovakia, 3
rowling, 1960, Finland, 1
rowling, 1960, France, 2
rowling, 1960, Germany, 5
rowling, 1960, Italy, 3
rowling, 1960, Poland, 1
rowling, 1960, Soviet Union, 9
rowling, 1960, Switzerland, 1
rowling, 1960, United States, 3
rowling, 1964, Canada, 3
rowling, 1964, Czechoslovakia, 1
rowling, 1964, Denmark, 3
rowling, 1964, Germany, 6
rowling, 1964, Great Britain, 2
rowling, 1964, Italy, 2
rowling, 1964, Netherlands, 3
rowling, 1964, Soviet Union, 6
rowling, 1964, Switzerland, 1
rowling, 1964, United States, 3
rowling, 1968, Argentina, 1
rowling, 1968, Denmark, 1
rowling, 1968, East Germany, 8
rowling, 1968, Hungary, 2
rowling, 1968, Italy, 1
rowling, 1968, Netherlands, 5
rowling, 1968, New Zealand, 3
rowling, 1968, Soviet Union, 3
rowling, 1968, Switzerland, 1
rowling, 1968, United States, 3
rowling, 1968, West Germany, 2
rowling, 1972, Argentina, 2
rowling, 1972, Czechoslovakia, 1
rowling, 1972, East Germany, 10
rowling, 1972, Netherlands, 1
rowling, 1972, New Zealand, 2
rowling, 1972, Norway, 2
rowling, 1972, Soviet Union, 6
rowling, 1972, Switzerland, 2
rowling, 1972, West Germany, 4
rowling, 1976, Czechoslovakia, 1
rowling, 1976, East Germany, 13
rowling, 1976, Finland, 3
rowling, 1976, Germany, 1
rowling, 1976, Great Britain, 2
rowling, 1976, Norway, 5
rowling, 1976, Soviet Union, 6
rowling, 1976, United States, 2
rowling, 1976, West Germany, 3
rowling, 1980, Bulgaria, 1
rowling, 1980, Czechoslovakia, 1
rowling, 1980, East Germany, 16
rowling, 1980, Finland, 3
rowling, 1980, Great Britain, 2
rowling, 1980, Poland, 1
rowling, 1980, Soviet Union, 10
rowling, 1980, Yugoslavia, 2
rowling, 1984, Australia, 2
rowling, 1984, Belgium, 2
rowling, 1984, Canada, 2
rowling, 1984, Denmark, 1
rowling, 1984, Finland, 3
rowling, 1984, Great Britain, 3
rowling, 1984, New Zealand, 4
rowling, 1984, Norway, 1
rowling, 1984, Romania, 3
rowling, 1984, Spain, 2
rowling, 1984, United States, 7
rowling, 1984, West Germany, 5
rowling, 1984, Yugoslavia, 1
rowling, 1988, East Germany, 10
rowling, 1988, Great Britain, 3
rowling, 1988, Italy, 3
rowling, 1988, Netherlands, 3
rowling, 1988, New Zealand, 2
rowling, 1988, Norway, 2
rowling, 1988, Romania, 4
rowling, 1988, Soviet Union, 1
rowling, 1988, Switzerland, 2
rowling, 1988, United States, 2
rowling, 1988, West Germany, 3
rowling, 1988, Yugoslavia, 1
rowling, 1992, Australia, 6
rowling, 1992, Austria, 2
rowling, 1992, Czechoslovakia, 2
rowling, 1992, Germany, 10
rowling, 1992, Great Britain, 3
rowling, 1992, Italy, 1
rowling, 1992, Netherlands, 1
rowling, 1992, Norway, 2
rowling, 1992, Poland, 2
rowling, 1992, Romania, 3
rowling, 1992, Slovenia, 2
rowling, 1992, United States, 2
rowling, 1996, Australia, 6
rowling, 1996, Canada, 2
rowling, 1996, France, 4
rowling, 1996, Germany, 4
rowling, 1996, Great Britain, 4
rowling, 1996, Italy, 3
rowling, 1996, Norway, 2
rowling, 1996, Switzerland, 3
rowling, 1996, United States, 2
rowling, 2000, Australia, 2
rowling, 2000, France, 3
rowling, 2000, Germany, 2
rowling, 2000, Great Britain, 3
rowling, 2000, Italy, 6
rowling, 2000, Netherlands, 2
rowling, 2000, New Zealand, 3
rowling, 2000, Norway, 2
rowling, 2000, Slovenia, 3
rowling, 2000, Switzerland, 2
rowling, 2000, United States, 2
rowling, 2004, Australia, 3
rowling, 2004, Bulgaria, 1
rowling, 2004, Canada, 2
rowling, 2004, Croatia, 2
rowling, 2004, Czech Republic, 2
rowling, 2004, Estonia, 2
rowling, 2004, France, 3
rowling, 2004, Great Britain, 3
rowling, 2004, Italy, 2
rowling, 2004, Norway, 3
rowling, 2004, Russia, 3
rowling, 2004, Slovenia, 2
rowling, 2004, South Africa, 1
rowling, 2004, Ukraine, 1
rowling, 2008, Australia, 8
rowling, 2008, Canada, 2
rowling, 2008, Czech Republic, 2
rowling, 2008, Estonia, 2
rowling, 2008, France, 2
rowling, 2008, Great Britain, 4
rowling, 2008, Italy, 2
rowling, 2008, New Zealand, 2
rowling, 2008, Norway, 3
rowling, 2008, Poland, 3
rowling, 2012, Australia, 3
rowling, 2012, Croatia, 2
rowling, 2012, Czech Republic, 2
rowling, 2012, France, 2
rowling, 2012, Germany, 3
rowling, 2012, Great Britain, 5
rowling, 2012, Italy, 2
rowling, 2012, New Zealand, 9
rowling, 2012, Slovenia, 1
rowling, 2012, United States, 1
sailing, 1900, France, 55
sailing, 1900, Germany, 5
sailing, 1900, Great Britain, 15
sailing, 1900, Mixed team, 6
sailing, 1900, Netherlands, 2
sailing, 1900, Switzerland, 5
sailing, 1900, United States, 2
sailing, 1908, Belgium, 2
sailing, 1908, France, 1
sailing, 1908, Great Britain, 18
sailing, 1908, Sweden, 2
sailing, 1912, Denmark, 2
sailing, 1912, Finland, 4
sailing, 1912, France, 3
sailing, 1912, Norway, 6
sailing, 1912, Russia, 1
sailing, 1912, Sweden, 8
sailing, 1920, Belgium, 6
sailing, 1920, France, 4
sailing, 1920, Great Britain, 6
sailing, 1920, Netherlands, 16
sailing, 1920, Norway, 26
sailing, 1920, Sweden, 14
sailing, 1924, Belgium, 6
sailing, 1924, Denmark, 2
sailing, 1924, Finland, 2
sailing, 1924, France, 1
sailing, 1924, Great Britain, 2
sailing, 1924, Netherlands, 1
sailing, 1924, Norway, 10
sailing, 1928, Denmark, 2
sailing, 1928, Estonia, 1
sailing, 1928, Finland, 2
sailing, 1928, France, 3
sailing, 1928, Netherlands, 2
sailing, 1928, Norway, 7
sailing, 1928, Sweden, 7
sailing, 1932, Canada, 3
sailing, 1932, France, 6
sailing, 1932, Great Britain, 4
sailing, 1932, Netherlands, 4
sailing, 1932, Spain, 2
sailing, 1932, Sweden, 5
sailing, 1932, United States, 11
sailing, 1936, Germany, 11
sailing, 1936, Great Britain, 5
sailing, 1936, Italy, 3
sailing, 1936, Netherlands, 8
sailing, 1936, Norway, 4
sailing, 1936, Sweden, 5
sailing, 1948, Argentina, 2
sailing, 1948, Cuba, 4
sailing, 1948, Denmark, 8
sailing, 1948, Finland, 1
sailing, 1948, Great Britain, 3
sailing, 1948, Netherlands, 4
sailing, 1948, Norway, 6
sailing, 1948, Portugal, 2
sailing, 1948, Sweden, 4
sailing, 1948, United States, 14
sailing, 1952, Denmark, 6
sailing, 1952, Finland, 1
sailing, 1952, Germany, 2
sailing, 1952, Great Britain, 4
sailing, 1952, Italy, 6
sailing, 1952, Norway, 12
sailing, 1952, Portugal, 2
sailing, 1952, Sweden, 8
sailing, 1952, United States, 13
sailing, 1956, Australia, 4
sailing, 1956, Bahamas, 2
sailing, 1956, Belgium, 4
sailing, 1956, Denmark, 10
sailing, 1956, Great Britain, 7
sailing, 1956, Italy, 4
sailing, 1956, New Zealand, 3
sailing, 1956, Sweden, 12
sailing, 1956, United States, 8
sailing, 1960, Argentina, 4
sailing, 1960, Belgium, 2
sailing, 1960, Denmark, 14
sailing, 1960, Germany, 2
sailing, 1960, Greece, 6
sailing, 1960, Italy, 2
sailing, 1960, Norway, 6
sailing, 1960, Portugal, 4
sailing, 1960, Soviet Union, 10
sailing, 1960, Switzerland, 2
sailing, 1960, United States, 8
sailing, 1964, Australia, 6
sailing, 1964, Bahamas, 6
sailing, 1964, Denmark, 8
sailing, 1964, Germany, 10
sailing, 1964, Great Britain, 4
sailing, 1964, New Zealand, 6
sailing, 1964, Sweden, 6
sailing, 1964, United States, 14
sailing, 1968, Austria, 4
sailing, 1968, Brazil, 2
sailing, 1968, Denmark, 4
sailing, 1968, East Germany, 2
sailing, 1968, Great Britain, 8
sailing, 1968, Italy, 4
sailing, 1968, Norway, 4
sailing, 1968, Soviet Union, 6
sailing, 1968, Sweden, 6
sailing, 1968, Switzerland, 4
sailing, 1968, United States, 12
sailing, 1968, West Germany, 4
sailing, 1972, Australia, 12
sailing, 1972, Canada, 2
sailing, 1972, East Germany, 4
sailing, 1972, France, 10
sailing, 1972, Great Britain, 10
sailing, 1972, Greece, 4
sailing, 1972, Soviet Union, 8
sailing, 1972, Sweden, 8
sailing, 1972, United States, 10
sailing, 1972, West Germany, 4
sailing, 1976, Australia, 4
sailing, 1976, Brazil, 2
sailing, 1976, Denmark, 3
sailing, 1976, East Germany, 7
sailing, 1976, Great Britain, 10
sailing, 1976, Soviet Union, 8
sailing, 1976, Spain, 4
sailing, 1976, Sweden, 6
sailing, 1976, United States, 8
sailing, 1976, West Germany, 14
sailing, 1980, Austria, 8
sailing, 1980, Brazil, 12
sailing, 1980, Denmark, 10
sailing, 1980, East Germany, 4
sailing, 1980, Finland, 8
sailing, 1980, Greece, 2
sailing, 1980, Hungary, 2
sailing, 1980, Ireland, 4
sailing, 1980, Italy, 2
sailing, 1980, Soviet Union, 12
sailing, 1980, Spain, 6
sailing, 1980, Sweden, 2
sailing, 1984, Australia, 2
sailing, 1984, Brazil, 4
sailing, 1984, Canada, 8
sailing, 1984, France, 2
sailing, 1984, Great Britain, 2
sailing, 1984, Italy, 2
sailing, 1984, Netherlands, 6
sailing, 1984, New Zealand, 14
sailing, 1984, Spain, 6
sailing, 1984, United States, 34
sailing, 1984, West Germany, 4
sailing, 1988, Brazil, 4
sailing, 1988, Canada, 2
sailing, 1988, Denmark, 8
sailing, 1988, East Germany, 6
sailing, 1988, France, 6
sailing, 1988, Great Britain, 6
sailing, 1988, Netherlands Antilles, 4
sailing, 1988, New Zealand, 12
sailing, 1988, Norway, 4
sailing, 1988, Soviet Union, 6
sailing, 1988, Spain, 12
sailing, 1988, Sweden, 4
sailing, 1988, United States, 18
sailing, 1988, Virgin Islands, 4
sailing, 1992, Australia, 4
sailing, 1992, Canada, 2
sailing, 1992, China, 4
sailing, 1992, Denmark, 8
sailing, 1992, Estonia, 2
sailing, 1992, France, 12
sailing, 1992, Great Britain, 2
sailing, 1992, Netherlands, 2
sailing, 1992, New Zealand, 16
sailing, 1992, Norway, 6
sailing, 1992, Spain, 28
sailing, 1992, United States, 34
sailing, 1996, Argentina, 4
sailing, 1996, Australia, 6
sailing, 1996, Belgium, 4
sailing, 1996, Brazil, 11
sailing, 1996, Denmark, 6
sailing, 1996, Germany, 6
sailing, 1996, Great Britain, 6
sailing, 1996, Greece, 6
sailing, 1996, Hong Kong, 6
sailing, 1996, Israel, 2
sailing, 1996, Italy, 2
sailing, 1996, Japan, 4
sailing, 1996, Netherlands, 6
sailing, 1996, New Zealand, 4
sailing, 1996, Norway, 1
sailing, 1996, Poland, 6
sailing, 1996, Portugal, 2
sailing, 1996, Russia, 4
sailing, 1996, Spain, 12
sailing, 1996, Sweden, 4
sailing, 1996, Ukraine, 8
sailing, 1996, United States, 4
sailing, 2000, Argentina, 8
sailing, 2000, Australia, 17
sailing, 2000, Austria, 12
sailing, 2000, Brazil, 4
sailing, 2000, Denmark, 6
sailing, 2000, Finland, 6
sailing, 2000, Germany, 10
sailing, 2000, Great Britain, 23
sailing, 2000, Italy, 10
sailing, 2000, Netherlands, 4
sailing, 2000, New Zealand, 4
sailing, 2000, Norway, 2
sailing, 2000, Sweden, 2
sailing, 2000, Ukraine, 2
sailing, 2000, United States, 16
sailing, 2004, Argentina, 2
sailing, 2004, Austria, 8
sailing, 2004, Brazil, 9
sailing, 2004, Canada, 4
sailing, 2004, China, 4
sailing, 2004, Czech Republic, 4
sailing, 2004, Denmark, 4
sailing, 2004, France, 8
sailing, 2004, Great Britain, 20
sailing, 2004, Greece, 10
sailing, 2004, Israel, 6
sailing, 2004, Italy, 2
sailing, 2004, Japan, 2
sailing, 2004, Norway, 6
sailing, 2004, Poland, 2
sailing, 2004, Slovenia, 1
sailing, 2004, Spain, 14
sailing, 2004, Sweden, 2
sailing, 2004, Ukraine, 8
sailing, 2004, United States, 10
sailing, 2008, Argentina, 2
sailing, 2008, Australia, 16
sailing, 2008, Brazil, 6
sailing, 2008, China, 8
sailing, 2008, Denmark, 6
sailing, 2008, France, 8
sailing, 2008, Germany, 2
sailing, 2008, Great Britain, 30
sailing, 2008, Greece, 2
sailing, 2008, Israel, 2
sailing, 2008, Italy, 6
sailing, 2008, Lithuania, 4
sailing, 2008, Netherlands, 8
sailing, 2008, New Zealand, 6
sailing, 2008, Slovenia, 4
sailing, 2008, Spain, 10
sailing, 2008, Sweden, 2
sailing, 2008, United States, 10
sailing, 2012, Argentina, 2
sailing, 2012, Australia, 22
sailing, 2012, Belgium, 2
sailing, 2012, Brazil, 2
sailing, 2012, China, 6
sailing, 2012, Cyprus, 4
sailing, 2012, Denmark, 6
sailing, 2012, Finland, 6
sailing, 2012, France, 2
sailing, 2012, Great Britain, 22
sailing, 2012, Netherlands, 12
sailing, 2012, New Zealand, 10
sailing, 2012, Poland, 4
sailing, 2012, Spain, 12
sailing, 2012, Sweden, 8
shooting, 1988, Soviet Union, 3
shooting, 1988, Yugoslavia, 3
shooting, 1992, Bulgaria, 1
shooting, 1992, Independent Olympic Participants, 2
shooting, 1992, Unified Team, 3
shooting, 1996, Bulgaria, 1
shooting, 1996, Russia, 5
shooting, 2000, Australia, 1
shooting, 2000, China, 3
shooting, 2000, Yugoslavia, 2
shooting, 2004, Bulgaria, 1
shooting, 2004, Serbia and Montenegro, 2
shooting, 2004, Ukraine, 3
shooting, 2008, China, 3
shooting, 2008, Georgia, 1
shooting, 2008, Russia, 2
shooting, 2012, China, 3
shooting, 2012, France, 2
shooting, 2012, Ukraine, 1
swimming, 1896, Germany, 2
swimming, 1896, Great Britain, 1
swimming, 1896, Greece, 3
swimming, 1912, Australasia, 5
swimming, 1912, Austria, 1
swimming, 1912, Germany, 2
swimming, 1912, Great Britain, 4
swimming, 1920, Great Britain, 2
swimming, 1920, Sweden, 1
swimming, 1920, United States, 15
swimming, 1924, Great Britain, 8
swimming, 1924, Sweden, 1
swimming, 1924, United States, 21
swimming, 1928, Denmark, 3
swimming, 1928, Germany, 4
swimming, 1928, Great Britain, 8
swimming, 1928, GÃ¶sta Carlsson, 1
swimming, 1928, Henry Hansen, 3
swimming, 1928, Jack Lauterwasser, 2
swimming, 1928, Netherlands, 7
swimming, 1928, South Africa, 1
swimming, 1928, Sweden, 1
swimming, 1928, United States, 12
swimming, 1932, Arne Berg, 1
swimming, 1932, Australia, 5
swimming, 1932, Denmark, 1
swimming, 1932, Giuseppe Olmo, 3
swimming, 1932, Great Britain, 2
swimming, 1932, Henry Hansen, 2
swimming, 1932, Italy, 5
swimming, 1932, Japan, 2
swimming, 1932, Netherlands, 4
swimming, 1932, South Africa, 1
swimming, 1932, Sweden, 1
swimming, 1932, United States, 15
swimming, 1936, Argentina, 2
swimming, 1936, Auguste Garrebeek, 1
swimming, 1936, Denmark, 3
swimming, 1936, East Germany, 2
swimming, 1936, Edgar Buchwalder, 2
swimming, 1936, France, 5
swimming, 1936, Germany, 3
swimming, 1936, Japan, 3
swimming, 1936, Netherlands, 14
swimming, 1936, Robert Charpentier, 3
swimming, 1936, Switzerland, 1
swimming, 1936, United States, 3
swimming, 1948, Australia, 3
swimming, 1948, Belgium, 1
swimming, 1948, Denmark, 10
swimming, 1948, France, 3
swimming, 1948, Great Britain, 1
swimming, 1948, Hungary, 1
swimming, 1948, JosÃ© Beyaert, 1
swimming, 1948, LÃ©on Delathouwer, 3
swimming, 1948, Netherlands, 7
swimming, 1948, Robert John Maitland, 2
swimming, 1948, United States, 10
swimming, 1952, Belgium, 5
swimming, 1952, Dino Bruni, 2
swimming, 1952, Germany, 1
swimming, 1952, Great Britain, 1
swimming, 1952, Hungary, 17
swimming, 1952, Jacques Anquetil, 1
swimming, 1952, Netherlands, 6
swimming, 1952, New Zealand, 1
swimming, 1952, Robert Grondelaers, 3
swimming, 1952, South Africa, 3
swimming, 1952, United States, 2
swimming, 1956, Arnaud Geyre, 3
swimming, 1956, Arthur Brittain, 2
swimming, 1956, Australia, 14
swimming, 1956, France, 2
swimming, 1956, Germany, 4
swimming, 1956, Great Britain, 5
swimming, 1956, Hungary, 2
swimming, 1956, Italy, 3
swimming, 1956, Reinhold Pommer, 1
swimming, 1956, South Africa, 1
swimming, 1956, United States, 11
swimming, 1960, Australia, 8
swimming, 1960, Belgium, 1
swimming, 1960, Germany, 5
swimming, 1960, Great Britain, 6
swimming, 1960, Italy, 2
swimming, 1960, Japan, 1
swimming, 1960, Netherlands, 3
swimming, 1960, Soviet Union, 3
swimming, 1960, Sweden, 2
swimming, 1960, United States, 17
swimming, 1964, Australia, 5
swimming, 1964, Belgium, 1
swimming, 1964, Denmark, 2
swimming, 1964, France, 2
swimming, 1964, Italy, 3
swimming, 1964, Netherlands, 5
swimming, 1964, Soviet Union, 5
swimming, 1964, United States, 31
swimming, 1968, Australia, 6
swimming, 1968, Canada, 5
swimming, 1968, Denmark, 2
swimming, 1968, East Germany, 5
swimming, 1968, Germany, 1
swimming, 1968, Italy, 3
swimming, 1968, Mexico, 1
swimming, 1968, Netherlands, 3
swimming, 1968, Soviet Union, 3
swimming, 1968, Sweden, 1
swimming, 1968, United States, 55
swimming, 1968, Yugoslavia, 5
swimming, 1972, Australia, 21
swimming, 1972, Canada, 3
swimming, 1972, East Germany, 12
swimming, 1972, Germany, 2
swimming, 1972, Hungary, 3
swimming, 1972, Italy, 4
swimming, 1972, Japan, 3
swimming, 1972, Netherlands, 3
swimming, 1972, Soviet Union, 3
swimming, 1972, United States, 35
swimming, 1976, Canada, 8
swimming, 1976, East Germany, 46
swimming, 1976, Italy, 2
swimming, 1976, Netherlands, 2
swimming, 1976, Poland, 1
swimming, 1976, Soviet Union, 9
swimming, 1976, Sweden, 3
swimming, 1976, United States, 13
swimming, 1980, Australia, 4
swimming, 1980, Denmark, 1
swimming, 1980, East Germany, 56
swimming, 1980, Great Britain, 4
swimming, 1980, Netherlands, 1
swimming, 1980, Poland, 3
swimming, 1980, Soviet Union, 13
swimming, 1980, Sweden, 2
swimming, 1984, Australia, 5
swimming, 1984, Belgium, 1
swimming, 1984, Canada, 8
swimming, 1984, China, 2
swimming, 1984, East Germany, 3
swimming, 1984, France, 2
swimming, 1984, Germany, 3
swimming, 1984, Great Britain, 4
swimming, 1984, Netherlands, 11
swimming, 1984, Norway, 1
swimming, 1984, Romania, 1
swimming, 1984, United States, 53
swimming, 1984, West Germany, 3
swimming, 1988, Australia, 1
swimming, 1988, Bulgaria, 6
swimming, 1988, Canada, 1
swimming, 1988, China, 10
swimming, 1988, Costa Rica, 2
swimming, 1988, East Germany, 47
swimming, 1988, Hungary, 5
swimming, 1988, Netherlands, 2
swimming, 1988, Romania, 3
swimming, 1988, Soviet Union, 2
swimming, 1988, United States, 14
swimming, 1988, West Germany, 3
swimming, 1992, Australia, 6
swimming, 1992, China, 17
swimming, 1992, France, 1
swimming, 1992, Germany, 14
swimming, 1992, Hungary, 11
swimming, 1992, Italy, 3
swimming, 1992, Japan, 3
swimming, 1992, Latvia, 1
swimming, 1992, Netherlands, 2
swimming, 1992, Unified Team, 4
swimming, 1992, United States, 28
swimming, 1996, Australia, 9
swimming, 1996, Canada, 2
swimming, 1996, China, 11
swimming, 1996, Costa Rica, 3
swimming, 1996, Denmark, 2
swimming, 1996, France, 1
swimming, 1996, Germany, 14
swimming, 1996, Great Britain, 1
swimming, 1996, Hungary, 5
swimming, 1996, Ireland, 10
swimming, 1996, Netherlands, 5
swimming, 1996, South Africa, 7
swimming, 1996, Switzerland, 5
swimming, 1996, United States, 33
swimming, 2000, Australia, 17
swimming, 2000, Belgium, 2
swimming, 2000, Costa Rica, 2
swimming, 2000, France, 8
swimming, 2000, Germany, 6
swimming, 2000, Hungary, 3
swimming, 2000, Japan, 6
swimming, 2000, Kazakhstan, 2
swimming, 2000, Netherlands, 13
swimming, 2000, Romania, 9
swimming, 2000, Slovakia, 4
swimming, 2000, South Africa, 1
swimming, 2000, Spain, 1
swimming, 2000, Sweden, 5
swimming, 2000, Switzerland, 1
swimming, 2000, Ukraine, 8
swimming, 2000, United States, 32
swimming, 2004, Argentina, 1
swimming, 2004, Australia, 21
swimming, 2004, Belgium, 1
swimming, 2004, China, 5
swimming, 2004, France, 12
swimming, 2004, Germany, 4
swimming, 2004, Italy, 5
swimming, 2004, Japan, 5
swimming, 2004, Netherlands, 6
swimming, 2004, Poland, 7
swimming, 2004, Portugal, 2
swimming, 2004, Romania, 3
swimming, 2004, Russia, 2
swimming, 2004, Spain, 4
swimming, 2004, Ukraine, 6
swimming, 2004, United States, 21
swimming, 2004, Zimbabwe, 9
swimming, 2008, Australia, 26
swimming, 2008, Austria, 1
swimming, 2008, China, 9
swimming, 2008, Denmark, 1
swimming, 2008, France, 5
swimming, 2008, Germany, 6
swimming, 2008, Great Britain, 15
swimming, 2008, Italy, 5
swimming, 2008, Japan, 1
swimming, 2008, Latvia, 3
swimming, 2008, Netherlands, 3
swimming, 2008, Norway, 1
swimming, 2008, Russia, 4
swimming, 2008, Slovenia, 2
swimming, 2008, Spain, 3
swimming, 2008, Switzerland, 3
swimming, 2008, United States, 26
swimming, 2008, Zimbabwe, 6
swimming, 2012, Australia, 15
swimming, 2012, Belarus, 4
swimming, 2012, China, 13
swimming, 2012, Colombia, 3
swimming, 2012, Czech Republic, 3
swimming, 2012, France, 6
swimming, 2012, Germany, 2
swimming, 2012, Great Britain, 5
swimming, 2012, Hungary, 3
swimming, 2012, Italy, 2
swimming, 2012, Japan, 6
swimming, 2012, Kazakhstan, 3
swimming, 2012, Latvia, 3
swimming, 2012, Lithuania, 3
swimming, 2012, Netherlands, 9
swimming, 2012, New Zealand, 1
swimming, 2012, Norway, 1
swimming, 2012, Russia, 3
swimming, 2012, Spain, 4
swimming, 2012, Switzerland, 2
swimming, 2012, United States, 35
table tennis, 1988, China, 11
table tennis, 1988, South Korea, 9
table tennis, 1988, Sweden, 1
table tennis, 1988, Yugoslavia, 3
table tennis, 1992, China, 13
table tennis, 1992, France, 2
table tennis, 1992, Germany, 2
table tennis, 1992, North Korea, 2
table tennis, 1992, South Korea, 2
table tennis, 1992, Sweden, 3
table tennis, 1996, China, 19
table tennis, 1996, Chinese Taipei, 2
table tennis, 1996, Germany, 1
table tennis, 1996, South Korea, 2
table tennis, 2000, China, 19
table tennis, 2000, Chinese Taipei, 1
table tennis, 2000, France, 1
table tennis, 2000, South Korea, 1
table tennis, 2000, Sweden, 2
table tennis, 2004, China, 13
table tennis, 2004, Denmark, 1
table tennis, 2004, Hong Kong, 2
table tennis, 2004, North Korea, 2
table tennis, 2004, South Korea, 6
table tennis, 2008, China, 15
table tennis, 2008, Germany, 2
table tennis, 2008, South Korea, 1
table tennis, 2012, China, 13
table tennis, 2012, Germany, 2
table tennis, 2012, Singapore, 1
table tennis, 2012, South Korea, 2
taekondo, 2000, Australia, 5
taekondo, 2000, Canada, 1
taekondo, 2000, China, 3
taekondo, 2000, Chinese Taipei, 2
taekondo, 2000, Cuba, 5
taekondo, 2000, France, 1
taekondo, 2000, Germany, 2
taekondo, 2000, Greece, 3
taekondo, 2000, Iran, 1
taekondo, 2000, Japan, 1
taekondo, 2000, Mexico, 1
taekondo, 2000, Norway, 2
taekondo, 2000, Russia, 2
taekondo, 2000, South Korea, 11
taekondo, 2000, Spain, 2
taekondo, 2000, Turkey, 1
taekondo, 2000, United States, 3
taekondo, 2000, Vietnam, 2
taekondo, 2004, China, 6
taekondo, 2004, Chinese Taipei, 8
taekondo, 2004, Cuba, 2
taekondo, 2004, Egypt, 1
taekondo, 2004, France, 3
taekondo, 2004, Greece, 4
taekondo, 2004, Iran, 4
taekondo, 2004, Mexico, 3
taekondo, 2004, South Korea, 8
taekondo, 2004, Thailand, 1
taekondo, 2004, Turkey, 2
taekondo, 2004, United States, 5
taekondo, 2004, Venezuela, 1
taekondo, 2008, Afghanistan, 1
taekondo, 2008, Canada, 2
taekondo, 2008, China, 4
taekondo, 2008, Cuba, 1
taekondo, 2008, Dominican Republic, 2
taekondo, 2008, France, 1
taekondo, 2008, Great Britain, 1
taekondo, 2008, Greece, 2
taekondo, 2008, Iran, 3
taekondo, 2008, Italy, 2
taekondo, 2008, Mexico, 6
taekondo, 2008, Nigeria, 1
taekondo, 2008, Norway, 2
taekondo, 2008, South Korea, 12
taekondo, 2008, Thailand, 2
taekondo, 2008, Turkey, 3
taekondo, 2008, United States, 3
taekondo, 2012, Argentina, 3
taekondo, 2012, China, 5
taekondo, 2012, Colombia, 1
taekondo, 2012, Cuba, 1
taekondo, 2012, France, 3
taekondo, 2012, Gabon, 2
taekondo, 2012, Great Britain, 4
taekondo, 2012, Iran, 2
taekondo, 2012, Italy, 3
taekondo, 2012, Russia, 1
taekondo, 2012, Serbia, 3
taekondo, 2012, South Korea, 5
taekondo, 2012, Spain, 7
taekondo, 2012, Thailand, 1
taekondo, 2012, Turkey, 5
taekondo, 2012, United States, 2
tennis, 1896, Australia, 1
tennis, 1896, Great Britain, 6
tennis, 1896, Greece, 4
tennis, 1896, Hungary, 1
tennis, 1900, France, 7
tennis, 1900, Great Britain, 21
tennis, 1900, United States, 8
tennis, 1904, United States, 6
tennis, 1908, Germany, 2
tennis, 1908, Great Britain, 26
tennis, 1908, Sweden, 2
tennis, 1912, Australasia, 1
tennis, 1912, Austria, 2
tennis, 1912, Denmark, 2
tennis, 1912, France, 11
tennis, 1912, Germany, 6
tennis, 1912, Great Britain, 12
tennis, 1912, Norway, 1
tennis, 1912, South Africa, 8
tennis, 1912, Sweden, 5
tennis, 1920, Czechoslovakia, 1
tennis, 1920, France, 8
tennis, 1920, Great Britain, 13
tennis, 1920, Japan, 4
tennis, 1920, South Africa, 4
tennis, 1924, France, 7
tennis, 1924, Great Britain, 4
tennis, 1924, Italy, 1
tennis, 1924, Netherlands, 1
tennis, 1924, United States, 17
tennis, 1988, Argentina, 3
tennis, 1988, Australia, 5
tennis, 1988, Czech Republic, 2
tennis, 1988, Czechoslovakia, 6
tennis, 1988, Germany, 4
tennis, 1988, Great Britain, 2
tennis, 1988, South Africa, 2
tennis, 1988, Spain, 5
tennis, 1988, Sweden, 1
tennis, 1988, United States, 15
tennis, 1988, West Germany, 3
tennis, 1992, Germany, 2
tennis, 1992, Spain, 2
tennis, 1992, Switzerland, 3
tennis, 1992, Unified Team, 1
tennis, 1992, United States, 4
tennis, 1996, Czech Republic, 1
tennis, 1996, India, 1
tennis, 1996, Spain, 4
tennis, 1996, United States, 6
tennis, 2000, Australia, 2
tennis, 2000, Belgium, 1
tennis, 2000, Canada, 3
tennis, 2000, France, 1
tennis, 2000, Germany, 2
tennis, 2000, Netherlands, 2
tennis, 2000, Russia, 5
tennis, 2000, Spain, 1
tennis, 2000, United States, 7
tennis, 2004, Argentina, 1
tennis, 2004, Australia, 1
tennis, 2004, Belgium, 3
tennis, 2004, Chile, 7
tennis, 2004, China, 3
tennis, 2004, Croatia, 1
tennis, 2004, France, 2
tennis, 2004, Germany, 2
tennis, 2004, Spain, 2
tennis, 2004, United States, 2
tennis, 2008, Chile, 2
tennis, 2008, China, 1
tennis, 2008, Russia, 6
tennis, 2008, Serbia, 1
tennis, 2008, Spain, 5
tennis, 2008, Sweden, 2
tennis, 2008, Switzerland, 3
tennis, 2008, United States, 4
tennis, 2012, Argentina, 1
tennis, 2012, Belarus, 4
tennis, 2012, Czech Republic, 2
tennis, 2012, France, 3
tennis, 2012, Great Britain, 5
tennis, 2012, Russia, 3
tennis, 2012, Switzerland, 2
tennis, 2012, United States, 10
weightlifting, 1896, Denmark, 2
weightlifting, 1896, Great Britain, 3
weightlifting, 1896, Greece, 1
weightlifting, 1948, Great Britain, 2
weightlifting, 1948, United States, 4
weightlifting, 1952, Iran, 3
weightlifting, 1952, Soviet Union, 3
weightlifting, 1956, Iran, 1
weightlifting, 1956, Soviet Union, 2
weightlifting, 1956, United States, 3
weightlifting, 1960, Iran, 1
weightlifting, 1960, Japan, 2
weightlifting, 1960, United States, 3
weightlifting, 1964, Hungary, 2
weightlifting, 1964, Japan, 1
weightlifting, 1964, Soviet Union, 3
weightlifting, 1968, Hungary, 2
weightlifting, 1968, Iran, 3
weightlifting, 1968, Poland, 1
weightlifting, 1972, Hungary, 3
weightlifting, 1972, Iran, 2
weightlifting, 1972, Soviet Union, 1
weightlifting, 1976, Bulgaria, 3
weightlifting, 1976, Japan, 1
weightlifting, 1976, Poland, 2
weightlifting, 1980, Cuba, 3
weightlifting, 1980, Poland, 1
weightlifting, 1980, Soviet Union, 2
weightlifting, 1984, China, 5
weightlifting, 1984, Japan, 1
weightlifting, 1988, China, 3
weightlifting, 1988, Soviet Union, 3
weightlifting, 1992, China, 3
weightlifting, 1992, South Korea, 3
weightlifting, 1996, Bulgaria, 1
weightlifting, 1996, China, 3
weightlifting, 1996, Greece, 2
weightlifting, 2000, China, 3
weightlifting, 2000, Indonesia, 3
weightlifting, 2000, Turkey, 3
weightlifting, 2000, United States, 3
weightlifting, 2004, China, 4
weightlifting, 2004, Thailand, 1
weightlifting, 2004, Turkey, 7
weightlifting, 2008, China, 6
weightlifting, 2008, Chinese Taipei, 1
weightlifting, 2008, Indonesia, 1
weightlifting, 2008, Turkey, 2
weightlifting, 2008, Vietnam, 2
weightlifting, 2012, Azerbaijan, 1
weightlifting, 2012, China, 5
weightlifting, 2012, Japan, 2
weightlifting, 2012, North Korea, 4
wrestling, 1896, Germany, 3
wrestling, 1896, Greece, 3
wrestling, 1904, United States, 12
wrestling, 1908, Canada, 1
wrestling, 1908, Denmark, 3
wrestling, 1908, Finland, 6
wrestling, 1908, Great Britain, 2
wrestling, 1908, Hungary, 3
wrestling, 1908, Italy, 3
wrestling, 1908, Russia, 4
wrestling, 1908, Sweden, 5
wrestling, 1908, United States, 3
wrestling, 1912, Denmark, 1
wrestling, 1912, Finland, 13
wrestling, 1912, Germany, 2
wrestling, 1912, Hungary, 1
wrestling, 1912, Russia, 2
wrestling, 1912, Sweden, 8
wrestling, 1920, Denmark, 3
wrestling, 1920, Finland, 19
wrestling, 1920, Norway, 1
wrestling, 1920, Sweden, 7
wrestling, 1924, Estonia, 4
wrestling, 1924, Finland, 25
wrestling, 1924, France, 3
wrestling, 1924, Hungary, 3
wrestling, 1924, Sweden, 6
wrestling, 1924, United States, 1
wrestling, 1928, Belgium, 2
wrestling, 1928, Canada, 1
wrestling, 1928, Czechoslovakia, 2
wrestling, 1928, Egypt, 3
wrestling, 1928, Estonia, 4
wrestling, 1928, Finland, 10
wrestling, 1928, Germany, 8
wrestling, 1928, Hungary, 5
wrestling, 1928, Italy, 2
wrestling, 1928, Sweden, 5
wrestling, 1932, Austria, 1
wrestling, 1932, Czechoslovakia, 2
wrestling, 1932, Denmark, 2
wrestling, 1932, Finland, 9
wrestling, 1932, France, 1
wrestling, 1932, Germany, 8
wrestling, 1932, Hungary, 2
wrestling, 1932, Italy, 7
wrestling, 1932, Sweden, 13
wrestling, 1932, United States, 3
wrestling, 1936, Czechoslovakia, 2
wrestling, 1936, Estonia, 5
wrestling, 1936, Finland, 6
wrestling, 1936, Germany, 7
wrestling, 1936, Hungary, 7
wrestling, 1936, Latvia, 2
wrestling, 1936, Sweden, 14
wrestling, 1936, Turkey, 3
wrestling, 1936, United States, 2
wrestling, 1948, Denmark, 1
wrestling, 1948, Egypt, 3
wrestling, 1948, Finland, 3
wrestling, 1948, France, 1
wrestling, 1948, Hungary, 4
wrestling, 1948, Italy, 5
wrestling, 1948, Norway, 2
wrestling, 1948, Sweden, 19
wrestling, 1948, Turkey, 14
wrestling, 1948, United States, 2
wrestling, 1952, Czechoslovakia, 3
wrestling, 1952, Egypt, 1
wrestling, 1952, Finland, 7
wrestling, 1952, Hungary, 8
wrestling, 1952, India, 1
wrestling, 1952, Italy, 2
wrestling, 1952, Japan, 3
wrestling, 1952, Lebanon, 3
wrestling, 1952, Soviet Union, 18
wrestling, 1952, Sweden, 8
wrestling, 1956, Bulgaria, 4
wrestling, 1956, Finland, 6
wrestling, 1956, Germany, 2
wrestling, 1956, Hungary, 3
wrestling, 1956, Iran, 2
wrestling, 1956, Italy, 3
wrestling, 1956, Romania, 1
wrestling, 1956, Soviet Union, 19
wrestling, 1956, Sweden, 5
wrestling, 1956, Turkey, 9
wrestling, 1960, Bulgaria, 8
wrestling, 1960, Czechoslovakia, 1
wrestling, 1960, France, 1
wrestling, 1960, Germany, 6
wrestling, 1960, Hungary, 2
wrestling, 1960, Iran, 1
wrestling, 1960, Poland, 1
wrestling, 1960, Romania, 6
wrestling, 1960, Soviet Union, 11
wrestling, 1960, Sweden, 1
wrestling, 1960, Turkey, 9
wrestling, 1960, United Arab Republic, 2
wrestling, 1960, United States, 3
wrestling, 1960, Yugoslavia, 2
wrestling, 1964, Bulgaria, 7
wrestling, 1964, Czechoslovakia, 2
wrestling, 1964, Germany, 3
wrestling, 1964, Hungary, 6
wrestling, 1964, Japan, 9
wrestling, 1964, Romania, 4
wrestling, 1964, Soviet Union, 11
wrestling, 1964, Sweden, 3
wrestling, 1964, Turkey, 5
wrestling, 1964, Yugoslavia, 4
wrestling, 1968, Bulgaria, 6
wrestling, 1968, Czechoslovakia, 2
wrestling, 1968, East Germany, 6
wrestling, 1968, France, 2
wrestling, 1968, Greece, 1
wrestling, 1968, Hungary, 7
wrestling, 1968, Iran, 1
wrestling, 1968, Japan, 8
wrestling, 1968, Romania, 4
wrestling, 1968, Soviet Union, 12
wrestling, 1968, United States, 2
wrestling, 1968, Yugoslavia, 3
wrestling, 1972, Bulgaria, 13
wrestling, 1972, Czechoslovakia, 3
wrestling, 1972, East Germany, 2
wrestling, 1972, Finland, 1
wrestling, 1972, Greece, 2
wrestling, 1972, Hungary, 5
wrestling, 1972, Iran, 3
wrestling, 1972, Italy, 2
wrestling, 1972, Japan, 5
wrestling, 1972, Poland, 2
wrestling, 1972, Romania, 7
wrestling, 1972, Soviet Union, 19
wrestling, 1972, Sweden, 1
wrestling, 1972, United States, 2
wrestling, 1972, West Germany, 2
wrestling, 1972, Yugoslavia, 3
wrestling, 1976, Bulgaria, 11
wrestling, 1976, Czechoslovakia, 2
wrestling, 1976, East Germany, 3
wrestling, 1976, Finland, 3
wrestling, 1976, Hungary, 1
wrestling, 1976, Japan, 3
wrestling, 1976, Poland, 5
wrestling, 1976, Romania, 7
wrestling, 1976, Soviet Union, 31
wrestling, 1976, West Germany, 1
wrestling, 1976, Yugoslavia, 5
wrestling, 1980, Bulgaria, 7
wrestling, 1980, Finland, 1
wrestling, 1980, Greece, 3
wrestling, 1980, Hungary, 11
wrestling, 1980, Italy, 3
wrestling, 1980, Lebanon, 1
wrestling, 1980, Mongolia, 1
wrestling, 1980, North Korea, 4
wrestling, 1980, Poland, 8
wrestling, 1980, Romania, 7
wrestling, 1980, Soviet Union, 24
wrestling, 1980, Sweden, 2
wrestling, 1984, Finland, 5
wrestling, 1984, Greece, 3
wrestling, 1984, Italy, 3
wrestling, 1984, Japan, 11
wrestling, 1984, Mexico, 2
wrestling, 1984, Romania, 10
wrestling, 1984, South Korea, 6
wrestling, 1984, Sweden, 6
wrestling, 1984, Switzerland, 1
wrestling, 1984, United States, 14
wrestling, 1984, West Germany, 5
wrestling, 1984, Yugoslavia, 6
wrestling, 1988, Bulgaria, 12
wrestling, 1988, Finland, 3
wrestling, 1988, Greece, 1
wrestling, 1988, Hungary, 5
wrestling, 1988, Iran, 2
wrestling, 1988, Italy, 3
wrestling, 1988, Japan, 5
wrestling, 1988, Norway, 3
wrestling, 1988, Poland, 6
wrestling, 1988, South Korea, 9
wrestling, 1988, Soviet Union, 19
wrestling, 1988, Sweden, 1
wrestling, 1988, United States, 1
wrestling, 1988, West Germany, 2
wrestling, 1992, China, 1
wrestling, 1992, Cuba, 8
wrestling, 1992, Germany, 5
wrestling, 1992, Hungary, 6
wrestling, 1992, Italy, 2
wrestling, 1992, North Korea, 4
wrestling, 1992, Norway, 3
wrestling, 1992, Poland, 4
wrestling, 1992, Romania, 1
wrestling, 1992, South Korea, 6
wrestling, 1992, Sweden, 3
wrestling, 1992, Turkey, 5
wrestling, 1992, Unified Team, 21
wrestling, 1992, United States, 3
wrestling, 1996, Armenia, 5
wrestling, 1996, Belarus, 5
wrestling, 1996, Canada, 2
wrestling, 1996, China, 1
wrestling, 1996, Cuba, 6
wrestling, 1996, Finland, 2
wrestling, 1996, France, 2
wrestling, 1996, Germany, 3
wrestling, 1996, Kazakhstan, 3
wrestling, 1996, Moldova, 1
wrestling, 1996, North Korea, 4
wrestling, 1996, Poland, 12
wrestling, 1996, Russia, 5
wrestling, 1996, South Korea, 3
wrestling, 1996, Sweden, 1
wrestling, 1996, Turkey, 4
wrestling, 1996, Ukraine, 4
wrestling, 1996, United States, 9
wrestling, 2000, Belarus, 1
wrestling, 2000, Bulgaria, 3
wrestling, 2000, China, 1
wrestling, 2000, Cuba, 7
wrestling, 2000, Finland, 1
wrestling, 2000, Georgia, 2
wrestling, 2000, Hungary, 2
wrestling, 2000, Iran, 3
wrestling, 2000, Japan, 2
wrestling, 2000, North Korea, 1
wrestling, 2000, Russia, 9
wrestling, 2000, South Korea, 5
wrestling, 2000, Sweden, 3
wrestling, 2000, Turkey, 3
wrestling, 2000, Ukraine, 4
wrestling, 2000, United States, 7
wrestling, 2004, Azerbaijan, 3
wrestling, 2004, Belarus, 1
wrestling, 2004, Bulgaria, 1
wrestling, 2004, Canada, 2
wrestling, 2004, Cuba, 2
wrestling, 2004, Egypt, 3
wrestling, 2004, Finland, 2
wrestling, 2004, France, 1
wrestling, 2004, Georgia, 2
wrestling, 2004, Greece, 1
wrestling, 2004, Hungary, 3
wrestling, 2004, Japan, 6
wrestling, 2004, Kazakhstan, 3
wrestling, 2004, Russia, 12
wrestling, 2004, South Korea, 3
wrestling, 2004, Sweden, 2
wrestling, 2004, Turkey, 3
wrestling, 2004, Ukraine, 3
wrestling, 2004, United States, 4
wrestling, 2004, Uzbekistan, 3
wrestling, 2008, Azerbaijan, 5
wrestling, 2008, Bulgaria, 1
wrestling, 2008, Canada, 3
wrestling, 2008, China, 4
wrestling, 2008, Colombia, 1
wrestling, 2008, Cuba, 3
wrestling, 2008, France, 3
wrestling, 2008, Georgia, 3
wrestling, 2008, Germany, 2
wrestling, 2008, Hungary, 2
wrestling, 2008, Italy, 3
wrestling, 2008, Japan, 7
wrestling, 2008, Kazakhstan, 1
wrestling, 2008, Kyrgyzstan, 2
wrestling, 2008, Lithuania, 1
wrestling, 2008, Russia, 12
wrestling, 2008, South Korea, 1
wrestling, 2008, Turkey, 1
wrestling, 2008, Ukraine, 1
wrestling, 2008, United States, 4
wrestling, 2012, Armenia, 3
wrestling, 2012, Azerbaijan, 4
wrestling, 2012, Canada, 2
wrestling, 2012, Colombia, 1
wrestling, 2012, Cuba, 3
wrestling, 2012, Egypt, 2
wrestling, 2012, Estonia, 2
wrestling, 2012, Georgia, 5
wrestling, 2012, Hungary, 3
wrestling, 2012, Iran, 9
wrestling, 2012, Japan, 6
wrestling, 2012, Kazakhstan, 1
wrestling, 2012, Lithuania, 1
wrestling, 2012, North Korea, 1
wrestling, 2012, Russia, 12
wrestling, 2012, South Korea, 3
wrestling, 2012, Turkey, 1
wrestling, 2012, United States, 1
